ts_iso,fps,process_ms,physics_ms,draw_calls,primitives,vehicles,ws_msgs_s,ws_kb_s,tick_apply_avg_ms,tick_apply_max_ms,parse_avg_ms,parse_max_ms,latency_avg_ms,latency_max_ms,mem_static_mb,nodes,orphans,render_wait_avg_ms,gpu_upload_avg_ms,worker_wall_avg_ms,worker_wall_max_ms
2026-06-05T18:11:56,1.0,0.000,0.000,8,340,0,0.0,0.0,0.000,0.000,0.000,0.000,0.00,0.00,69.1,29,0,0.000,0.000,0.000,0.000
2026-06-05T18:11:57,160.0,7.504,0.026,8,340,0,0.0,0.0,0.000,0.000,0.000,0.000,0.00,0.00,69.2,29,0,0.000,0.000,0.000,0.000
2026-06-05T18:11:58,132.0,78.341,0.161,32,1194,0,0.0,0.0,0.000,0.000,0.000,0.000,0.00,0.00,131.0,239,0,0.000,0.000,0.000,0.000
2026-06-05T18:11:59,118.0,281.927,0.124,35,71201,0,0.0,0.0,0.000,0.000,0.000,0.000,0.00,0.00,151.5,239,0,0.000,0.000,0.000,0.000
2026-06-05T18:12:00,160.0,7.561,0.098,47,72175,0,1.0,0.0,0.000,0.000,0.019,0.019,0.00,0.00,165.4,239,0,0.000,0.000,0.000,0.000
2026-06-05T18:12:01,160.0,7.486,0.086,47,72171,0,0.0,0.0,0.000,0.000,0.019,0.019,0.00,0.00,165.4,239,0,0.000,0.000,0.000,0.000
2026-06-05T18:12:02,160.0,7.625,0.075,50,72367,0,0.0,0.0,0.000,0.000,0.019,0.019,0.00,0.00,165.5,242,0,0.000,0.000,0.000,0.000
2026-06-05T18:12:03,160.0,7.513,0.107,70,74455,0,0.0,0.0,0.000,0.000,0.019,0.019,0.00,0.00,165.9,239,0,0.000,0.000,0.000,0.000
2026-06-05T18:12:04,160.0,7.545,0.063,70,74455,0,0.0,0.0,0.000,0.000,0.019,0.019,0.00,0.00,165.9,239,0,0.000,0.000,0.000,0.000
2026-06-05T18:12:05,160.0,7.548,0.231,70,74455,0,0.0,0.0,0.000,0.000,0.019,0.019,0.00,0.00,165.9,239,0,0.000,0.000,0.000,0.000
2026-06-05T18:12:06,160.0,7.524,0.074,70,74455,0,0.0,0.0,0.000,0.000,0.019,0.019,0.00,0.00,165.9,239,0,0.000,0.000,0.000,0.000
2026-06-05T18:12:07,160.0,7.360,0.074,70,74455,0,0.0,0.0,0.000,0.000,0.019,0.019,0.00,0.00,165.9,239,0,0.000,0.000,0.000,0.000
2026-06-05T18:12:08,160.0,7.725,0.071,70,74455,0,0.0,0.0,0.000,0.000,0.019,0.019,0.00,0.00,165.9,239,0,0.000,0.000,0.000,0.000
2026-06-05T18:12:09,160.0,8.272,0.454,72,74603,0,0.0,0.0,0.000,0.000,0.019,0.019,0.00,0.00,165.9,239,0,0.000,0.000,0.000,0.000
2026-06-05T18:12:10,160.0,7.576,0.020,72,74607,0,0.0,0.0,0.000,0.000,0.019,0.019,0.00,0.00,165.9,239,0,0.000,0.000,0.000,0.000
2026-06-05T18:12:11,160.0,7.571,0.034,72,74607,0,0.0,0.0,0.000,0.000,0.019,0.019,0.00,0.00,165.9,239,0,0.000,0.000,0.000,0.000
2026-06-05T18:12:12,160.0,7.697,0.025,72,74607,0,0.0,0.0,0.000,0.000,0.019,0.019,0.00,0.00,165.9,239,0,0.000,0.000,0.000,0.000
2026-06-05T18:12:14,160.0,7.232,0.028,70,74465,1,0.0,0.0,0.007,0.007,0.094,0.317,0.00,0.00,175.0,1113,0,0.000,0.000,0.000,0.000
2026-06-05T18:12:15,159.0,29.315,0.075,70,74479,1,5.0,6.0,0.005,0.007,0.068,0.317,-54.33,-52.00,175.0,1113,0,0.001,1.875,10.704,13.025
2026-06-05T18:12:16,160.0,8.087,0.027,70,74479,1,3.0,0.2,0.006,0.007,0.058,0.317,-54.33,-52.00,175.0,1113,0,0.001,2.001,10.589,12.691
2026-06-05T18:12:17,160.0,7.762,0.033,70,74479,1,3.0,0.2,0.005,0.007,0.052,0.317,-54.33,-52.00,175.0,1113,0,0.001,1.827,10.773,12.662
2026-06-05T18:12:18,160.0,13.719,0.092,70,74481,1,4.0,6.0,0.005,0.007,0.066,0.346,-47.58,-16.33,175.0,1113,0,0.002,1.928,10.628,12.982
2026-06-05T18:12:19,160.0,12.669,0.028,74,410833,1001,6.0,361.7,0.170,1.578,0.520,7.344,-43.47,-16.33,179.4,1113,0,0.002,2.470,9.883,11.952
2026-06-05T18:12:20,160.0,7.145,0.025,74,411167,1002,8.9,107.7,0.338,1.578,0.519,7.344,-36.67,13.67,179.4,1113,0,0.002,2.609,9.845,11.958
2026-06-05T18:12:21,160.0,18.533,0.025,74,411171,1002,10.0,114.3,0.459,1.659,0.511,7.344,-34.43,13.67,179.4,1113,0,0.002,2.245,9.875,11.811
2026-06-05T18:12:22,160.0,9.643,0.026,74,411167,1002,8.9,107.7,0.565,1.659,0.512,7.344,-33.75,13.67,179.4,1113,0,0.002,2.512,9.858,12.392
2026-06-05T18:12:23,160.0,9.394,0.028,74,411169,1002,9.0,107.9,0.678,1.659,0.513,7.344,-33.52,13.67,179.4,1113,0,0.002,2.515,9.864,11.685
2026-06-05T18:12:24,160.0,7.659,0.024,74,411169,1002,8.9,107.8,0.716,1.659,0.563,7.344,-32.57,13.67,179.4,1113,0,0.002,2.036,9.924,12.394
2026-06-05T18:12:25,160.0,21.122,0.025,74,411171,1002,10.0,114.3,0.748,1.659,0.628,7.344,-31.91,13.67,179.4,1113,0,0.002,2.378,10.124,12.919
2026-06-05T18:12:26,160.0,9.125,0.024,74,411507,1003,8.9,107.8,0.822,1.705,0.500,1.040,-30.50,13.67,179.4,1113,0,0.002,2.099,10.237,12.649
2026-06-05T18:12:27,160.0,7.991,0.025,74,411505,1003,8.9,107.9,0.844,1.705,0.501,1.040,-29.31,13.67,179.4,1113,0,0.002,2.490,9.964,12.310
2026-06-05T18:12:28,160.0,18.834,0.023,74,411507,1003,9.9,113.7,0.860,1.705,0.500,1.040,-28.69,13.67,179.4,1113,0,0.001,1.823,10.625,12.440
2026-06-05T18:12:29,160.0,8.082,0.077,74,411173,1002,10.0,108.4,0.892,1.705,0.485,1.040,-27.62,13.67,179.4,1113,0,0.002,2.439,10.010,12.433
2026-06-05T18:12:30,160.0,7.379,0.116,78,532799,1002,9.0,107.9,0.914,1.705,0.486,1.040,-26.96,13.67,179.5,1113,0,0.002,2.566,9.945,12.873
2026-06-05T18:12:31,160.0,20.339,0.131,82,580897,1002,10.0,114.2,0.930,1.705,0.485,0.997,-26.33,13.67,179.5,1113,0,0.002,2.430,9.489,11.793
2026-06-05T18:12:32,160.0,10.101,0.084,82,581281,1003,9.0,107.9,0.938,1.705,0.488,1.022,-25.24,16.00,179.5,1113,0,0.002,2.380,10.076,12.579
2026-06-05T18:12:33,160.0,7.324,0.126,82,581281,1003,9.0,108.5,0.957,1.705,0.489,1.022,-24.79,16.00,179.5,1113,0,0.002,2.238,10.227,12.712
2026-06-05T18:12:34,160.0,9.057,0.123,82,581279,1003,8.9,107.9,0.970,1.705,0.505,1.102,-23.53,16.00,179.5,1113,0,0.002,2.427,9.571,11.595
2026-06-05T18:12:35,160.0,18.897,0.142,82,581285,1003,10.0,114.4,0.984,1.705,0.522,1.270,-23.71,16.00,179.5,1113,0,0.002,2.479,10.004,12.615
2026-06-05T18:12:36,160.0,7.248,0.110,82,580899,1002,9.9,107.9,1.051,1.705,0.572,2.052,-22.41,16.00,179.5,1113,0,0.002,2.302,10.059,11.827
2026-06-05T18:12:37,160.0,10.068,0.133,82,580899,1002,8.9,107.8,1.113,1.705,0.636,2.287,-20.17,16.00,179.5,1113,0,0.002,2.507,9.986,13.104
2026-06-05T18:12:38,160.0,23.841,0.123,82,581285,1003,9.9,113.6,1.172,1.719,0.639,2.287,-18.03,16.00,179.5,1113,0,0.002,2.079,10.378,12.047
2026-06-05T18:12:39,160.0,9.795,0.181,82,580899,1002,9.9,107.9,1.236,1.719,0.635,2.287,-16.58,16.00,179.5,1113,0,0.002,2.181,10.296,12.983
2026-06-05T18:12:40,160.0,7.464,0.086,82,580895,1002,9.0,108.5,1.279,1.719,0.634,2.287,-15.55,16.00,179.5,1113,0,0.002,2.449,9.961,11.773
2026-06-05T18:12:41,160.0,17.841,0.136,82,580901,1002,9.9,113.5,1.299,1.884,0.631,2.287,-14.77,16.00,179.5,1113,0,0.002,2.149,10.214,11.629
2026-06-05T18:12:42,160.0,8.738,0.109,82,580897,1002,8.9,107.8,1.303,1.884,0.594,2.287,-14.78,16.00,179.5,1113,0,0.001,2.070,10.340,11.664
2026-06-05T18:12:43,160.0,10.348,0.106,82,580899,1002,9.0,108.5,1.295,1.884,0.536,1.656,-13.83,16.00,179.5,1113,0,0.002,2.402,10.016,11.698
2026-06-05T18:12:44,160.0,10.145,0.032,82,581281,1003,9.0,108.0,1.289,1.884,0.576,2.205,-11.34,35.00,179.5,1113,0,0.002,2.427,9.562,11.034
2026-06-05T18:12:45,160.0,19.265,0.095,82,580899,1002,9.9,113.7,1.294,1.884,0.668,2.348,-9.94,35.00,179.6,1113,0,0.002,2.345,10.091,11.094
2026-06-05T18:12:46,160.0,10.856,0.025,82,580897,1002,9.9,107.9,1.305,1.884,0.673,2.348,-9.17,35.00,179.5,1113,0,0.002,2.486,10.034,12.271
2026-06-05T18:12:47,160.0,7.675,0.029,82,580897,1002,8.9,107.8,1.287,1.884,0.680,2.348,-7.91,35.00,179.5,1113,0,0.001,1.891,10.594,12.144
2026-06-05T18:12:48,159.0,23.678,0.081,82,580897,1002,9.9,113.6,1.273,1.884,0.668,2.348,-6.61,35.00,179.5,1113,0,0.002,2.360,10.170,12.503
2026-06-05T18:12:49,160.0,7.617,0.102,82,580515,1001,9.9,107.8,1.293,1.884,0.670,2.348,-6.20,35.00,179.5,1113,0,0.002,2.207,10.220,11.970
2026-06-05T18:12:50,160.0,10.211,0.127,82,580511,1001,8.0,108.2,1.310,1.884,0.653,2.348,-5.09,35.00,179.5,1113,0,0.002,2.148,10.341,12.535
2026-06-05T18:12:51,160.0,20.729,0.195,82,580513,1001,9.9,113.5,1.299,1.884,0.570,2.348,-4.17,35.00,179.5,1113,0,0.002,2.452,10.017,12.223
2026-06-05T18:12:52,160.0,7.449,0.085,82,580513,1001,9.0,108.4,1.302,1.884,0.522,1.119,-3.16,35.00,179.5,1113,0,0.002,2.382,10.005,11.455
2026-06-05T18:12:53,160.0,9.975,0.189,82,580511,1001,9.0,108.4,1.318,1.884,0.522,1.119,-2.50,35.00,179.5,1113,0,0.002,2.377,9.972,11.766
2026-06-05T18:12:54,160.0,10.290,0.132,82,580513,1001,8.9,107.6,1.313,1.884,0.519,1.119,-1.91,35.00,179.5,1113,0,0.001,2.003,10.040,11.784
2026-06-05T18:12:55,160.0,19.386,0.108,82,580515,1001,10.0,114.2,1.314,1.884,0.532,1.080,-2.12,35.00,179.5,1113,0,0.002,2.373,10.135,12.903
2026-06-05T18:12:56,160.0,8.540,0.161,82,580895,1002,8.9,107.8,1.327,1.884,0.528,1.080,-0.88,35.00,179.5,1113,0,0.002,2.370,10.034,11.755
2026-06-05T18:12:57,160.0,10.037,0.134,82,580895,1002,8.9,107.8,1.340,1.884,0.513,1.080,0.56,35.00,179.5,1113,0,0.002,2.260,10.175,12.039
2026-06-05T18:12:58,160.0,19.048,0.146,82,580511,1001,11.0,114.3,1.339,1.884,0.504,1.032,0.75,35.00,179.5,1113,0,0.002,2.410,9.960,11.553
2026-06-05T18:12:59,160.0,9.855,0.100,82,580509,1001,9.0,107.8,1.339,1.884,0.505,1.031,0.84,35.00,179.5,1113,0,0.001,2.023,10.468,12.826
2026-06-05T18:13:00,160.0,7.893,0.107,82,580507,1001,9.0,108.4,1.316,1.884,0.503,1.031,0.73,35.00,179.5,1113,0,0.002,2.194,10.279,12.095
2026-06-05T18:13:01,160.0,18.792,0.090,82,580129,1000,10.0,114.1,1.326,1.884,0.524,2.232,1.14,35.00,179.5,1113,0,0.001,1.892,10.622,12.479
2026-06-05T18:13:02,160.0,7.550,0.085,82,580507,1001,7.0,108.3,1.315,1.725,0.548,2.232,1.94,41.00,179.5,1113,0,0.002,2.393,9.983,11.869
2026-06-05T18:13:03,160.0,10.032,0.202,82,580125,1000,8.0,107.7,1.324,1.725,0.555,2.232,2.05,41.00,179.5,1113,0,0.002,2.437,9.910,11.876
2026-06-05T18:13:04,160.0,9.953,0.171,82,580123,1000,6.0,108.1,1.327,1.725,0.598,2.232,2.77,41.00,179.5,1113,0,0.005,2.314,9.687,11.669
2026-06-05T18:13:05,160.0,18.499,0.139,82,580125,1000,7.0,113.6,1.317,1.725,0.630,2.232,2.22,41.00,179.5,1113,0,0.002,2.385,9.978,11.813
2026-06-05T18:13:06,160.0,9.926,0.138,82,580125,1000,6.0,107.6,1.321,1.725,0.667,2.232,2.09,41.00,179.5,1113,0,0.002,2.478,10.005,12.212
2026-06-05T18:13:07,160.0,7.559,0.105,82,580125,1000,6.0,108.2,1.304,1.718,0.691,2.232,2.84,41.00,179.5,1113,0,0.002,2.169,10.274,12.223
2026-06-05T18:13:08,160.0,20.816,0.197,82,580511,1001,7.0,113.9,1.312,1.718,0.695,2.232,3.83,47.00,179.5,1113,0,0.002,2.341,10.107,13.270
2026-06-05T18:13:09,160.0,7.436,0.133,82,580509,1001,9.0,108.4,1.322,1.718,0.726,2.232,3.78,47.00,179.5,1113,0,0.001,2.207,10.204,12.466
2026-06-05T18:13:10,160.0,7.187,0.170,82,580507,1001,9.0,108.4,1.317,1.718,0.716,1.827,3.92,47.00,179.5,1113,0,0.002,2.522,9.929,12.487
2026-06-05T18:13:11,160.0,19.856,0.211,82,580511,1001,9.9,113.6,1.308,1.718,0.700,1.827,4.77,47.00,179.5,1113,0,0.002,2.101,10.330,11.824
2026-06-05T18:13:12,160.0,7.285,0.171,82,580125,1000,8.9,107.7,1.310,1.718,0.682,1.827,4.62,47.00,179.5,1113,0,0.002,2.375,10.109,11.763
2026-06-05T18:13:13,160.0,7.128,0.098,82,580123,1000,6.0,108.2,1.320,1.718,0.742,2.048,5.41,47.00,179.5,1113,0,0.002,2.362,10.088,12.211
2026-06-05T18:13:14,160.0,9.500,0.172,82,579351,998,8.9,107.5,1.309,1.718,0.737,2.048,5.83,47.00,179.5,1113,0,0.002,2.355,9.708,11.667
2026-06-05T18:13:15,160.0,18.899,0.146,82,578969,997,8.0,113.8,1.307,1.718,0.788,2.711,6.59,47.00,179.5,1113,0,0.002,2.668,9.818,12.542
2026-06-05T18:13:16,160.0,7.165,0.153,82,578969,997,6.0,107.3,1.294,1.718,0.802,2.711,7.81,47.00,179.5,1113,0,0.002,2.271,10.192,12.514
2026-06-05T18:13:17,160.0,9.821,0.132,82,578969,997,6.0,107.2,1.290,1.718,0.809,2.711,8.28,47.00,179.5,1113,0,0.001,1.991,10.445,13.059
2026-06-05T18:13:18,160.0,19.042,0.066,82,578587,996,7.0,113.7,1.273,1.718,0.828,2.711,8.09,47.00,179.5,1113,0,0.002,1.827,10.630,11.772
2026-06-05T18:13:19,160.0,7.422,0.023,85,578393,995,8.0,107.8,1.252,1.696,0.868,2.711,9.36,49.34,179.6,1116,0,0.002,2.279,10.206,12.678
2026-06-05T18:13:20,160.0,8.274,0.027,85,578779,996,6.0,107.6,1.252,1.696,0.898,2.711,11.69,49.34,179.6,1116,0,0.001,2.219,10.297,12.352
2026-06-05T18:13:21,160.0,20.778,0.031,85,578397,995,8.0,113.0,1.250,1.696,0.903,2.711,12.30,49.34,179.6,1116,0,0.001,2.135,10.323,12.853
2026-06-05T18:13:22,160.0,7.489,0.028,85,578395,995,6.0,107.7,1.251,1.755,0.824,2.711,12.45,49.34,179.6,1116,0,0.002,2.491,9.899,11.843
2026-06-05T18:13:23,160.0,7.322,0.077,69,576725,994,7.0,107.0,1.246,1.755,0.814,2.711,13.39,49.34,179.7,1113,0,0.002,2.377,10.091,12.194
2026-06-05T18:13:24,160.0,9.962,0.023,69,576725,994,6.0,106.9,1.248,1.755,0.789,2.253,13.08,49.34,179.7,1113,0,0.002,2.343,9.719,11.681
2026-06-05T18:13:25,160.0,18.654,0.229,69,576343,993,7.0,112.6,1.246,1.755,0.805,2.253,14.03,49.34,179.7,1113,0,0.002,2.111,10.313,11.948
2026-06-05T18:13:26,160.0,7.475,0.025,69,576341,993,8.0,106.9,1.245,1.755,0.887,2.686,15.44,49.34,179.7,1113,0,0.002,2.295,10.205,13.337
2026-06-05T18:13:27,160.0,7.227,0.026,69,576341,993,6.0,106.8,1.245,1.755,0.902,2.686,14.61,49.34,179.7,1113,0,0.002,2.233,10.172,11.779
2026-06-05T18:13:28,160.0,20.213,0.025,69,575573,991,9.0,113.3,1.238,1.755,0.864,2.686,15.39,49.34,179.7,1113,0,0.002,2.576,9.903,12.308
2026-06-05T18:13:29,160.0,8.029,0.035,69,575189,990,7.0,106.6,1.237,1.755,0.854,2.686,15.72,49.34,179.7,1113,0,0.001,1.886,10.555,11.884
2026-06-05T18:13:30,160.0,10.146,0.024,69,575191,990,6.0,106.5,1.246,1.755,0.876,2.686,15.53,49.34,179.7,1113,0,0.002,2.054,10.498,14.102
2026-06-05T18:13:31,160.0,14.197,0.030,69,574807,989,8.0,112.3,1.250,1.755,0.861,2.686,15.55,49.34,179.7,1113,0,0.002,2.151,10.357,12.560
2026-06-05T18:13:32,160.0,9.295,0.026,69,575189,990,6.0,107.0,1.249,1.755,0.868,2.686,16.02,49.34,179.7,1113,0,0.002,2.232,10.259,12.400
2026-06-05T18:13:33,160.0,7.380,0.022,69,575189,990,6.0,106.5,1.244,1.755,0.878,2.686,15.69,49.34,179.7,1113,0,0.002,2.247,10.217,11.727
2026-06-05T18:13:34,160.0,9.320,0.027,69,575187,990,6.0,106.5,1.252,1.755,0.833,2.686,15.72,49.34,179.7,1113,0,0.002,2.376,9.730,11.880
2026-06-05T18:13:35,160.0,19.195,0.029,69,575191,990,7.0,112.9,1.245,1.755,0.791,2.127,15.89,49.34,179.7,1113,0,0.001,1.955,10.536,12.240
2026-06-05T18:13:36,160.0,7.214,0.022,69,575187,990,6.0,106.4,1.256,1.755,0.752,1.583,15.72,49.34,179.7,1113,0,0.002,2.498,9.894,11.778
2026-06-05T18:13:37,160.0,10.097,0.024,69,575191,990,6.0,106.6,1.266,1.755,0.775,1.583,16.02,66.00,179.7,1113,0,0.002,2.143,10.295,11.767
2026-06-05T18:13:38,160.0,18.322,0.095,69,575575,991,7.0,112.2,1.254,1.755,0.780,1.583,17.08,70.66,179.7,1113,0,0.002,2.415,10.077,12.924
2026-06-05T18:13:39,160.0,7.220,0.027,69,575573,991,8.0,142.2,1.262,1.755,0.795,1.583,17.06,70.66,179.7,1113,0,0.002,2.485,10.069,12.326
2026-06-05T18:13:40,160.0,9.901,0.024,69,575189,990,7.0,106.7,1.279,1.755,0.780,1.583,16.95,70.66,179.7,1113,0,0.002,2.329,10.196,12.455
2026-06-05T18:13:41,160.0,18.141,0.061,72,575395,990,7.0,112.3,1.286,1.755,0.787,1.583,16.16,70.66,179.7,1116,0,0.002,2.502,10.024,11.557
2026-06-05T18:13:42,160.0,7.671,0.033,72,575395,990,6.0,106.5,1.287,1.755,0.788,1.583,17.58,70.66,179.7,1116,0,0.002,2.217,10.259,12.598
2026-06-05T18:13:43,160.0,9.250,0.026,72,575011,989,7.0,106.5,1.312,1.755,0.789,2.059,18.28,70.66,179.7,1116,0,0.002,2.256,10.121,11.749
2026-06-05T18:13:44,160.0,9.572,0.024,72,575391,990,4.0,71.4,1.309,1.755,0.790,2.059,20.28,70.66,179.7,1116,0,0.002,2.135,9.863,12.018
2026-06-05T18:13:45,108.0,330.853,0.228,112,576075,990,9.0,148.7,1.304,1.965,0.793,2.059,24.83,253.34,190.1,1608,0,0.002,3.057,14.051,335.066
2026-06-05T18:13:46,163.0,17.847,0.136,68,527537,866,129.9,108.4,1.299,1.965,0.073,1.714,23.99,253.34,181.4,1112,0,0.001,2.325,10.049,12.757
2026-06-05T18:13:47,160.0,8.739,0.068,82,528665,866,6.0,93.2,1.295,1.965,0.157,1.723,21.64,253.34,181.4,1112,0,0.002,2.402,10.106,12.065
2026-06-05T18:13:48,160.0,18.021,0.103,82,528665,866,7.0,99.0,1.297,1.965,0.212,1.723,21.84,253.34,181.4,1112,0,0.002,2.753,9.782,12.466
2026-06-05T18:13:49,160.0,7.321,0.108,82,527895,864,8.0,93.7,1.283,1.965,0.327,1.723,23.36,253.34,181.4,1112,0,0.002,2.554,9.922,12.654
2026-06-05T18:13:50,160.0,13.143,0.037,82,912287,1865,9.0,460.3,1.314,2.550,0.483,4.250,25.70,253.34,185.7,1112,0,0.019,2.590,9.666,11.691
2026-06-05T18:13:51,160.0,14.512,0.033,82,912289,1865,13.0,210.8,1.422,4.568,0.711,4.250,30.47,310.34,185.7,1112,0,0.018,2.599,9.357,24.738
2026-06-05T18:13:52,160.0,18.067,0.026,82,912289,1865,12.0,204.6,1.513,4.568,0.905,4.250,32.12,310.34,185.7,1112,0,0.014,2.673,9.522,11.535
2026-06-05T18:13:53,160.0,17.156,0.029,82,912287,1865,8.0,136.2,1.601,4.568,1.052,4.250,36.83,310.34,185.7,1112,0,0.033,2.692,9.406,11.737
2026-06-05T18:13:54,160.0,18.623,0.039,82,912289,1865,11.9,203.9,1.696,4.568,1.174,4.250,42.58,310.34,185.7,1112,0,0.039,2.552,9.679,23.583
2026-06-05T18:13:55,160.0,18.803,0.029,82,1296291,2865,16.0,590.6,1.754,4.568,1.339,5.419,46.83,310.34,190.2,1112,0,0.041,3.181,9.034,11.456
2026-06-05T18:13:56,160.0,14.966,0.083,82,1296289,2865,6.0,104.8,1.754,4.568,1.339,5.419,46.83,310.34,190.2,1112,0,0.003,3.280,9.172,10.979
2026-06-05T18:13:57,160.0,7.247,0.028,82,1296283,2865,0.0,0.0,1.754,4.568,1.339,5.419,46.83,310.34,190.2,1112,0,0.003,3.127,9.355,11.239
2026-06-05T18:13:58,160.0,7.648,0.028,82,1296283,2865,0.0,0.0,1.754,4.568,1.339,5.419,46.83,310.34,190.2,1112,0,0.002,3.225,9.408,12.569
2026-06-05T18:13:59,160.0,7.792,0.052,82,1296289,2865,6.0,105.5,1.807,4.568,1.373,5.419,103.42,3638.66,190.2,1112,0,0.102,3.106,9.119,11.291
2026-06-05T18:14:00,120.0,240.761,0.031,82,1295909,2864,7.0,104.9,1.921,6.184,1.394,5.419,231.47,4319.00,191.3,1112,0,0.017,3.253,9.347,15.488
2026-06-05T18:14:01,152.0,46.559,0.028,82,1295909,2864,18.9,314.6,2.099,6.184,1.485,5.419,497.59,4330.66,190.2,1112,0,0.225,2.908,8.740,24.718
2026-06-05T18:14:02,160.0,21.755,0.026,82,1295525,2863,25.8,425.1,2.388,6.928,1.662,5.367,739.10,4330.66,190.2,1112,0,0.093,3.120,8.532,12.341
2026-06-05T18:14:03,160.0,24.137,0.026,82,1295525,2863,17.9,314.4,2.568,6.928,1.699,5.367,917.38,4330.66,190.2,1112,0,0.164,2.836,9.031,10.940
2026-06-05T18:14:04,160.0,20.151,0.025,82,1295143,2862,17.9,314.4,2.635,6.928,1.686,5.367,1036.01,4330.66,190.2,1112,0,0.002,2.972,9.482,10.960
2026-06-05T18:14:05,160.0,16.512,0.026,82,1294759,2861,18.0,271.4,2.772,6.928,1.407,3.991,1222.82,4330.66,190.2,1112,0,0.003,3.122,9.188,10.760
2026-06-05T18:14:06,160.0,19.199,0.050,82,1295143,2862,13.0,228.7,2.995,6.928,1.346,2.726,1467.21,4330.66,190.2,1112,0,0.114,3.064,8.788,10.522
2026-06-05T18:14:07,160.0,17.729,0.025,82,1294375,2860,18.0,315.4,3.116,6.928,1.409,3.400,1651.38,4330.66,190.2,1112,0,0.099,2.913,8.953,10.942
2026-06-05T18:14:08,160.0,16.437,0.080,82,1293991,2859,21.9,320.7,3.245,7.161,1.566,3.400,1774.89,4330.66,190.2,1112,0,0.048,2.929,9.192,10.794
2026-06-05T18:14:09,158.0,31.745,0.027,82,1293991,2859,17.9,313.9,3.430,7.161,1.567,3.400,2019.24,4330.66,190.2,1112,0,0.136,2.896,9.131,10.953
2026-06-05T18:14:10,160.0,17.599,0.023,82,1293223,2857,15.9,263.8,3.536,7.161,1.584,3.400,2138.21,4330.66,190.2,1112,0,0.070,3.056,8.974,10.904
2026-06-05T18:14:11,160.0,21.838,0.027,82,1292839,2856,19.9,313.7,3.781,7.161,1.688,4.076,2384.33,4330.66,190.2,1112,0,0.111,2.873,8.901,25.133
2026-06-05T18:14:12,159.0,20.423,0.028,82,1292455,2855,19.9,319.4,3.935,7.161,1.674,4.076,2569.90,4330.66,190.2,1112,0,0.144,2.959,8.980,11.141
2026-06-05T18:14:13,160.0,17.029,0.075,82,1292071,2854,20.0,315.5,4.124,7.161,1.747,4.076,2752.85,4330.66,190.2,1112,0,0.113,2.860,8.834,11.803
2026-06-05T18:14:14,160.0,21.770,0.028,82,1292071,2854,18.0,314.9,4.292,7.161,1.616,4.076,2935.05,4330.66,190.2,1112,0,0.064,2.820,9.104,25.872
2026-06-05T18:14:15,159.0,19.534,0.111,82,1292071,2854,18.9,319.0,4.341,7.161,1.603,3.430,3054.60,4330.66,190.2,1112,0,0.116,2.801,9.391,12.053
2026-06-05T18:14:16,159.0,29.863,0.087,82,1292071,2854,12.0,210.2,4.444,7.161,1.563,2.759,3246.31,4330.66,190.2,1112,0,0.132,2.645,9.018,11.329
2026-06-05T18:14:17,159.0,27.085,0.119,82,1292071,2854,17.9,313.6,4.603,8.650,1.641,2.901,3444.46,4392.34,190.2,1112,0,0.129,2.714,9.425,11.476
2026-06-05T18:14:18,157.0,21.232,0.041,82,1292073,2854,25.9,410.8,4.811,8.788,1.766,2.901,3689.36,4392.34,190.8,1112,0,0.273,2.923,9.756,48.399
2026-06-05T18:14:19,152.0,22.518,0.122,82,1291303,2852,17.9,313.3,4.910,8.788,1.733,2.901,3870.58,4392.34,190.8,1112,0,0.339,2.440,9.652,12.375
2026-06-05T18:14:20,157.0,18.774,0.032,82,1290921,2851,21.0,315.1,4.926,8.788,1.611,2.866,3990.10,4392.34,190.8,1112,0,0.100,2.443,10.363,40.824
2026-06-05T18:14:21,153.0,15.550,0.030,82,1290533,2850,7.0,122.1,4.936,8.788,1.477,2.866,4008.48,4536.34,193.1,1112,0,0.079,2.521,9.563,19.690
2026-06-05T18:14:22,160.0,17.129,0.037,82,1290535,2850,18.0,275.8,4.893,8.788,1.566,5.372,4019.83,4713.66,193.0,1112,0,0.054,2.529,9.635,12.382
2026-06-05T18:14:23,159.0,19.984,0.030,82,1290533,2850,7.0,126.9,4.850,8.788,1.592,5.372,4044.74,4836.66,191.9,1112,0,0.002,2.460,10.031,12.370
2026-06-05T18:14:24,160.0,21.862,0.023,82,1290535,2850,21.0,350.4,4.761,8.788,1.759,5.372,4073.61,4836.66,190.8,1112,0,0.002,2.445,10.044,11.032
2026-06-05T18:14:25,160.0,20.076,0.025,82,1290535,2850,12.9,214.6,4.754,8.788,1.912,5.372,4100.47,4836.66,190.8,1112,0,0.075,2.477,9.460,11.461
2026-06-05T18:14:26,160.0,23.289,0.029,82,1290151,2849,19.9,348.8,4.821,8.788,2.034,6.213,4115.45,4836.66,190.7,1112,0,0.002,2.191,10.321,12.498
2026-06-05T18:14:27,160.0,16.470,0.038,82,1290149,2849,9.0,141.1,4.833,8.788,1.946,6.213,4134.90,4836.66,191.9,1112,0,0.002,2.595,9.898,12.163
2026-06-05T18:14:28,159.0,24.150,0.075,82,1289765,2848,8.0,140.2,4.839,8.788,1.850,6.213,4172.98,4836.66,190.7,1112,0,0.073,2.552,9.447,12.532
2026-06-05T18:14:29,159.0,20.580,0.027,82,1289767,2848,21.0,337.8,4.818,8.788,1.844,6.213,4204.14,4836.66,190.8,1112,0,0.061,2.450,9.661,11.881
2026-06-05T18:14:30,159.0,23.495,0.029,82,1289767,2848,10.0,159.1,4.837,8.788,1.582,5.426,4213.79,4836.66,192.5,1112,0,0.002,2.374,10.048,11.993
2026-06-05T18:14:31,159.0,20.207,0.026,82,1289767,2848,15.0,265.0,5.022,8.788,1.552,5.426,4254.12,4836.66,190.8,1112,0,0.258,2.505,9.193,25.774
2026-06-05T18:14:32,154.0,31.652,0.024,82,1289383,2847,26.0,425.0,5.011,8.788,1.472,3.918,4267.66,4836.66,190.8,1112,0,0.109,2.365,9.772,11.366
2026-06-05T18:14:33,160.0,17.585,0.024,82,1288231,2844,13.9,244.1,4.977,8.788,1.590,5.754,4298.09,4836.66,190.7,1112,0,0.409,2.631,9.216,12.626
2026-06-05T18:14:34,160.0,19.897,0.027,82,1288231,2844,14.9,208.5,5.005,8.788,1.505,5.754,4320.14,4836.66,190.7,1112,0,0.144,2.551,9.206,11.667
2026-06-05T18:14:35,160.0,21.126,0.028,82,1288233,2844,25.0,424.4,5.047,8.788,1.405,5.754,4336.11,4836.66,192.5,1112,0,0.003,2.489,9.988,12.245
2026-06-05T18:14:36,157.0,27.535,0.045,82,1288229,2844,8.0,127.5,5.108,8.788,1.745,6.022,4389.05,4994.67,190.7,1112,0,0.244,2.405,9.191,11.851
2026-06-05T18:14:37,157.0,30.616,0.025,82,1288231,2844,14.0,245.6,5.086,8.788,1.972,6.022,4420.22,5069.67,190.7,1112,0,0.103,2.339,9.762,11.745
2026-06-05T18:14:38,160.0,16.388,0.029,82,1288231,2844,17.9,311.8,5.055,8.788,1.961,6.022,4436.20,5069.67,190.7,1112,0,0.002,2.504,9.976,11.443
2026-06-05T18:14:39,160.0,17.109,0.025,82,1287845,2843,7.0,104.1,5.114,8.788,2.076,6.022,4466.89,5334.00,190.7,1112,0,0.335,2.600,9.670,28.012
2026-06-05T18:14:40,159.0,22.557,0.047,82,1287847,2843,15.0,251.1,5.008,8.788,2.161,6.022,4513.57,5869.67,190.7,1112,0,0.003,2.521,9.990,11.739
2026-06-05T18:14:41,159.0,17.473,0.025,82,1287847,2843,6.0,104.0,5.022,8.788,2.293,6.022,4536.41,5869.67,190.7,1112,0,0.002,2.437,10.021,13.433
2026-06-05T18:14:42,160.0,19.407,0.031,82,1287845,2843,9.0,159.4,4.976,8.759,2.320,5.576,4618.97,6730.33,190.7,1112,0,0.122,2.439,9.511,11.703
2026-06-05T18:14:43,160.0,22.214,0.044,82,1287843,2843,5.0,85.5,4.857,8.759,2.145,5.432,4724.67,7303.00,191.3,1112,0,0.078,2.631,9.488,11.560
2026-06-05T18:14:44,159.0,17.849,0.028,82,1287465,2842,14.9,231.6,4.959,8.759,1.916,5.432,4867.98,7303.00,190.7,1112,0,0.080,2.523,9.741,23.946
2026-06-05T18:14:45,158.0,29.264,0.027,82,1287849,2843,12.9,213.5,4.955,8.759,1.915,5.432,4922.26,7385.33,190.7,1112,0,0.002,2.248,10.220,13.155
2026-06-05T18:14:46,160.0,15.797,0.028,82,1287465,2842,10.0,159.4,4.918,8.759,1.747,5.432,5029.34,7965.00,191.3,1112,0,0.002,2.474,9.975,11.836
2026-06-05T18:14:47,159.0,27.521,0.023,82,1287463,2842,12.0,209.1,4.918,8.759,1.573,4.723,5135.39,8154.33,190.7,1112,0,0.003,2.477,9.968,11.782
2026-06-05T18:14:48,160.0,15.889,0.027,82,1287463,2842,6.0,104.3,4.929,8.759,1.462,4.375,5266.22,8980.33,190.7,1112,0,0.123,1.851,10.232,11.961
2026-06-05T18:14:49,160.0,18.551,0.030,82,1287465,2842,12.0,208.3,4.955,8.759,1.509,5.063,5403.09,9412.67,190.7,1112,0,0.042,2.306,10.089,11.783
2026-06-05T18:14:50,159.0,17.304,0.025,82,1287079,2841,14.0,214.9,4.944,8.759,1.430,5.063,5477.36,9412.67,190.7,1112,0,0.003,2.625,9.840,11.779
2026-06-05T18:14:51,160.0,7.895,0.087,82,1286691,2840,8.0,140.4,4.976,8.759,1.364,5.063,5747.63,10234.00,190.7,1112,0,0.058,2.439,9.731,11.634
2026-06-05T18:14:52,159.0,21.255,0.031,82,1286697,2840,13.0,208.3,4.981,8.759,1.437,5.063,5834.33,10234.00,190.7,1112,0,0.002,2.414,10.067,11.835
2026-06-05T18:14:53,159.0,21.208,0.023,82,1286695,2840,8.0,140.7,4.996,8.759,1.493,5.063,6019.19,10525.67,190.7,1112,0,0.002,2.339,10.162,11.603
2026-06-05T18:14:54,160.0,7.608,0.028,82,1286689,2840,1.0,18.0,4.952,8.759,1.549,5.063,6248.74,11671.00,190.7,1112,0,0.079,2.631,9.444,11.705
2026-06-05T18:14:55,160.0,17.193,0.027,82,1286697,2840,12.9,225.8,4.966,8.759,1.664,5.063,6350.97,11671.00,190.7,1112,0,0.002,2.250,10.266,11.917
2026-06-05T18:14:56,160.0,16.317,0.075,82,1286309,2839,9.0,110.3,4.918,8.759,1.621,4.537,6583.71,12103.00,190.7,1112,0,0.003,2.433,10.029,11.587
2026-06-05T18:14:57,160.0,22.558,0.025,82,1286311,2839,17.9,311.5,4.914,8.759,1.688,4.537,6823.02,12265.00,190.7,1112,0,0.002,2.504,10.008,11.683
2026-06-05T18:14:58,159.0,15.665,0.024,82,1285925,2838,7.0,104.3,4.864,8.759,1.651,4.537,7085.86,12854.33,190.7,1112,0,0.074,2.413,9.776,11.589
2026-06-05T18:14:59,160.0,15.857,0.026,82,1285545,2837,12.0,208.8,4.906,8.759,1.733,4.537,7359.14,13432.67,190.7,1112,0,0.078,2.278,10.094,12.627
2026-06-05T18:15:00,160.0,16.723,0.023,82,1285161,2836,19.9,311.4,4.843,8.759,1.631,3.631,7640.50,13542.33,190.7,1112,0,0.002,2.304,10.221,11.599
2026-06-05T18:15:01,160.0,21.445,0.025,82,1284771,2835,4.0,60.2,4.842,8.759,1.564,3.631,7789.78,14343.67,190.7,1112,0,0.050,2.234,9.959,12.940
2026-06-05T18:15:02,160.0,18.158,0.024,82,1284771,2835,5.0,67.2,4.812,8.759,1.577,3.631,7953.65,14960.33,193.9,1112,0,0.037,2.484,9.799,11.851
2026-06-05T18:15:03,159.0,19.207,0.033,82,1284775,2835,12.9,225.5,4.727,8.759,1.497,3.631,8441.82,15036.33,190.7,1112,0,0.110,2.429,9.710,11.716
2026-06-05T18:15:04,160.0,15.974,0.023,82,1284775,2835,11.9,207.3,4.738,8.759,1.512,3.631,8781.96,15399.67,190.7,1112,0,0.103,2.407,9.547,11.579
2026-06-05T18:15:05,159.0,29.260,0.034,82,1284777,2835,12.0,208.6,4.744,8.759,1.586,3.789,8952.54,15542.33,190.7,1112,0,0.002,2.357,10.168,11.502
2026-06-05T18:15:06,160.0,15.256,0.023,82,1285153,2836,0.0,0.0,4.742,8.759,1.424,3.789,9329.89,16603.00,190.7,1112,0,0.074,2.460,9.544,11.193
2026-06-05T18:15:07,159.0,17.454,0.025,82,1284775,2835,11.9,181.8,4.726,8.759,1.405,3.789,9710.84,16804.33,190.7,1112,0,0.165,2.223,9.652,11.691
2026-06-05T18:15:08,160.0,16.782,0.028,82,1284775,2835,10.9,189.5,4.729,8.759,1.438,3.789,9906.49,17043.67,190.7,1112,0,0.015,2.566,9.806,11.939
2026-06-05T18:15:09,160.0,23.732,0.029,82,1284777,2835,12.0,208.6,4.703,8.759,1.453,3.789,10317.36,17721.00,190.7,1112,0,0.061,2.481,9.578,11.583
2026-06-05T18:15:10,157.0,27.813,0.027,82,1284777,2835,12.0,208.5,4.723,8.759,1.486,3.789,10712.88,17721.00,190.7,1112,0,0.002,2.378,10.119,11.799
2026-06-05T18:15:11,161.0,15.412,0.034,82,1284779,2835,11.9,207.4,4.663,8.759,1.435,3.346,10924.23,18203.00,191.3,1112,0,0.002,2.415,10.076,11.611
2026-06-05T18:15:12,160.0,14.990,0.024,82,1284779,2835,11.9,207.3,4.688,8.759,1.590,5.636,11574.36,18714.00,190.7,1112,0,0.226,2.245,9.757,26.369
2026-06-05T18:15:13,160.0,20.534,0.028,82,1284779,2835,12.9,213.0,4.681,8.759,1.622,5.636,11791.60,18714.00,190.7,1112,0,0.002,2.254,10.255,11.584
2026-06-05T18:15:14,160.0,16.168,0.033,82,1284777,2835,6.0,104.3,4.695,8.759,1.703,5.636,12249.61,19727.00,190.7,1112,0,0.056,2.399,9.811,11.976
2026-06-05T18:15:15,160.0,20.571,0.029,82,1284777,2835,11.9,207.4,4.620,8.624,1.827,5.636,12693.66,19912.67,190.7,1112,0,0.002,2.325,10.179,11.764
2026-06-05T18:15:16,159.0,15.569,0.024,82,1285163,2836,11.9,207.3,4.603,8.624,1.828,5.636,13152.24,20393.67,190.7,1112,0,0.118,2.266,9.859,11.549
2026-06-05T18:15:17,159.0,22.201,0.091,85,1285351,2836,6.0,103.8,4.584,8.624,1.825,5.636,13375.52,20796.33,190.8,1115,0,0.055,2.622,9.578,10.953
2026-06-05T18:15:18,160.0,16.159,0.039,82,1285163,2836,12.0,208.4,4.571,8.624,1.856,5.636,13596.55,20876.00,192.4,1112,0,0.078,2.539,9.924,25.142
2026-06-05T18:15:19,160.0,17.209,0.035,82,1284775,2835,9.0,152.5,4.621,8.624,1.615,3.793,14280.20,21974.67,190.7,1112,0,0.262,2.435,9.346,13.349
2026-06-05T18:15:20,160.0,22.324,0.026,82,1284779,2835,15.9,256.6,4.595,8.624,1.585,3.793,14517.04,21974.67,190.7,1112,0,0.002,2.454,10.052,12.097
2026-06-05T18:15:21,160.0,14.700,0.027,82,1284391,2834,6.0,104.3,4.544,6.715,1.422,3.793,14992.42,22608.00,190.7,1112,0,0.059,2.593,9.532,11.509
2026-06-05T18:15:22,160.0,19.097,0.105,82,1284391,2834,7.0,103.6,4.563,6.715,1.417,3.793,15472.88,23336.67,190.7,1112,0,0.049,2.439,9.559,11.931
2026-06-05T18:15:23,160.0,16.742,0.047,82,1284391,2834,8.9,158.0,4.614,6.715,1.403,3.793,15713.08,23527.00,190.7,1112,0,0.140,2.559,9.418,11.777
2026-06-05T18:15:24,159.0,30.248,0.048,82,1284391,2834,7.0,121.5,4.708,7.942,1.563,3.798,16200.52,24193.67,190.7,1112,0,0.186,2.426,9.806,25.475
2026-06-05T18:15:25,158.0,23.691,0.028,82,1284395,2834,18.0,300.1,4.677,7.942,1.632,4.533,16437.86,24193.67,190.7,1112,0,0.002,2.466,10.030,11.267
2026-06-05T18:15:26,160.0,14.802,0.086,68,1283637,2835,1.0,17.9,4.731,7.942,1.630,4.533,16932.51,25137.67,190.7,1112,0,0.134,2.521,9.523,11.896
2026-06-05T18:15:27,160.0,17.728,0.243,68,1283255,2834,7.0,121.8,4.764,7.942,1.600,4.533,17423.40,25421.00,190.7,1112,0,0.136,2.466,9.671,11.718
2026-06-05T18:15:28,160.0,17.277,0.072,68,1283259,2834,19.0,312.8,4.736,7.942,1.757,5.730,17664.01,25421.00,190.7,1112,0,0.003,2.530,9.941,11.551
2026-06-05T18:15:29,160.0,16.482,0.030,68,1283257,2834,6.0,103.6,4.732,7.942,2.167,5.730,18175.71,26330.67,190.7,1112,0,0.092,2.271,9.955,12.106
2026-06-05T18:15:30,160.0,22.685,0.033,68,1283259,2834,14.9,249.6,4.662,7.942,2.184,5.730,18682.53,26745.33,190.7,1112,0,0.002,2.262,10.180,12.943
2026-06-05T18:15:31,158.0,21.799,0.116,68,1283253,2834,5.0,91.7,4.638,7.942,1.926,5.730,19170.21,27129.33,190.7,1112,0,0.048,2.603,9.625,11.436
2026-06-05T18:15:32,160.0,15.716,0.029,68,1283255,2834,7.0,116.6,4.631,7.942,1.874,5.730,19665.53,27508.00,190.7,1112,0,0.181,2.331,9.533,11.782
2026-06-05T18:15:33,160.0,16.049,0.036,68,1283257,2834,12.0,208.5,4.656,7.942,1.906,5.730,19915.77,27985.33,190.7,1112,0,0.161,2.456,9.644,11.571
2026-06-05T18:15:34,160.0,16.583,0.027,68,1282871,2833,8.9,139.7,4.650,7.942,1.668,5.202,20422.14,28521.00,190.7,1112,0,0.112,2.512,9.304,12.074
2026-06-05T18:15:35,160.0,16.125,0.079,68,1282873,2833,15.0,264.1,4.661,7.942,1.257,5.132,20919.03,28773.33,190.7,1112,0,0.126,2.124,10.032,11.681
2026-06-05T18:15:36,158.0,24.750,0.033,68,1282487,2832,8.0,121.5,4.685,7.942,1.181,5.132,21168.40,29124.67,190.7,1112,0,0.002,2.424,10.068,12.236
2026-06-05T18:15:37,160.0,21.355,0.115,68,1282873,2833,12.9,207.1,4.673,7.942,1.358,3.540,21675.53,29752.00,190.7,1112,0,0.079,2.491,9.460,12.239
2026-06-05T18:15:38,160.0,15.678,0.111,68,1282873,2833,11.9,207.1,4.663,7.942,1.397,3.540,22180.15,30030.67,190.7,1112,0,0.073,2.469,9.676,11.339
2026-06-05T18:15:39,160.0,7.475,0.148,68,1282873,2833,6.0,104.2,4.663,7.942,1.377,3.540,22180.15,30030.67,193.0,1112,0,0.002,2.409,10.127,11.952
2026-06-05T18:15:40,158.0,30.032,0.034,68,1282873,2833,10.0,177.6,4.551,7.942,1.434,3.751,23195.91,31310.00,190.7,1112,0,0.231,2.497,9.431,11.960
2026-06-05T18:15:41,160.0,15.615,0.036,71,1283081,2833,17.9,310.7,4.537,7.942,1.485,3.751,23442.74,31310.00,190.8,1115,0,0.002,2.422,10.085,11.735
2026-06-05T18:15:42,160.0,18.494,0.028,71,1283075,2833,6.0,97.7,4.506,7.942,1.562,3.751,23702.58,32029.33,190.8,1115,0,0.081,2.401,9.797,11.362
2026-06-05T18:15:43,159.0,18.407,0.048,71,1283077,2833,9.0,151.9,4.530,7.942,1.499,3.751,24449.88,32246.00,190.8,1115,0,0.094,2.416,9.753,11.659
2026-06-05T18:15:44,160.0,8.181,0.033,71,1283079,2833,6.0,103.6,4.530,7.942,1.544,4.057,24449.88,32246.00,192.5,1115,0,0.002,2.351,10.148,11.399
2026-06-05T18:15:45,160.0,24.521,0.077,71,1283079,2833,12.0,208.4,4.540,7.942,1.489,4.057,25211.51,33253.33,190.8,1115,0,0.082,2.389,9.695,11.637
2026-06-05T18:15:46,160.0,15.257,0.025,71,1283081,2833,12.0,208.4,4.503,7.942,1.547,4.057,25455.52,33253.33,190.8,1115,0,0.002,2.251,10.236,11.736
2026-06-05T18:15:47,160.0,22.279,0.026,68,1283255,2834,5.9,103.1,4.473,7.942,1.592,4.057,25966.88,34119.67,190.7,1112,0,0.002,2.688,9.763,11.572
2026-06-05T18:15:49,160.0,22.279,0.026,112,1284217,2834,4.4,71.0,4.473,7.942,1.615,4.057,25966.88,34119.67,220.3,2776,0,0.076,2.578,9.877,23.489
2026-06-05T18:15:50,99.0,30.626,0.092,112,1283831,2833,20.9,348.6,4.516,7.942,1.611,5.416,26752.93,35288.00,221.4,2776,0,0.003,2.919,9.638,12.621
2026-06-05T18:15:51,156.0,29.165,0.100,112,1167533,2530,331.9,314.7,4.509,7.942,0.221,4.432,27779.58,35627.00,197.6,1524,0,0.007,3.066,9.292,12.718
2026-06-05T18:15:52,160.0,16.331,0.098,68,1131963,2440,136.2,550.3,4.418,7.942,0.626,5.186,29145.95,35627.00,190.3,1112,0,0.067,2.257,8.997,17.912
2026-06-05T18:15:53,159.0,19.563,0.111,68,1131965,2440,10.0,177.5,4.410,7.942,0.815,5.186,29549.97,35627.00,190.3,1112,0,0.014,2.500,9.630,11.213
2026-06-05T18:15:54,156.0,47.534,0.146,112,1132553,2439,7.0,106.8,4.398,7.942,0.953,5.186,29749.72,35627.00,192.0,1176,0,0.002,2.312,10.267,12.407
2026-06-05T18:15:55,159.0,22.905,0.153,82,1121193,2409,64.6,444.5,4.308,7.942,0.467,2.018,30903.72,35627.00,190.2,1112,0,0.232,2.409,9.098,24.069
2026-06-05T18:15:56,159.0,20.104,0.105,82,1121193,2409,10.0,174.6,4.235,7.942,0.554,2.018,31233.41,35627.00,190.2,1112,0,0.087,2.180,10.023,11.672
2026-06-05T18:15:57,160.0,15.558,0.123,82,1121195,2409,4.0,54.4,4.147,7.173,0.597,2.018,31408.64,35627.00,190.7,1112,0,0.013,2.178,10.235,12.693
2026-06-05T18:15:58,160.0,10.922,0.096,82,1121191,2409,1.0,17.9,4.102,7.173,0.615,2.018,31583.32,35627.00,190.7,1112,0,0.002,1.935,10.512,11.955
2026-06-05T18:15:59,159.0,20.902,0.034,82,1120805,2408,8.0,123.7,3.989,7.173,0.689,2.018,32088.76,36235.33,190.2,1112,0,0.095,2.356,9.625,11.833
2026-06-05T18:16:00,161.0,6.976,0.036,82,1120807,2408,5.0,87.1,3.962,7.173,0.770,2.018,32264.22,36623.33,190.2,1112,0,0.002,2.434,10.081,12.040
2026-06-05T18:16:01,160.0,13.690,0.028,82,1120807,2408,11.0,165.9,3.927,7.173,0.937,2.091,32617.65,37251.00,190.2,1112,0,0.043,2.338,9.730,24.078
2026-06-05T18:16:02,160.0,17.022,0.028,82,1120811,2408,0.0,0.0,3.927,7.173,0.937,2.091,32617.65,37251.00,190.2,1112,0,0.002,2.381,10.135,11.863
2026-06-05T18:16:03,160.0,13.704,0.111,82,1120803,2408,5.0,87.2,3.935,7.173,0.984,2.389,32794.68,37660.33,190.2,1112,0,0.002,2.448,10.035,11.442
2026-06-05T18:16:04,160.0,7.512,0.034,82,1888805,4408,7.0,799.2,3.961,7.173,1.157,4.614,32988.59,39156.00,196.8,1112,0,0.952,2.425,10.179,12.846
2026-06-05T18:16:05,157.0,26.861,0.025,82,1888807,4408,1.0,18.0,3.961,7.173,1.221,4.614,32988.59,39156.00,197.4,1112,0,2.055,2.700,9.960,10.971
2026-06-05T18:16:06,155.0,17.921,0.121,82,1888807,4408,2.0,36.2,3.972,7.173,1.267,4.614,33205.40,40293.67,197.4,1112,0,2.811,2.769,10.266,11.744
2026-06-05T18:16:07,155.0,7.212,0.025,82,1888803,4408,0.0,0.0,3.972,7.173,1.267,4.614,33205.40,40293.67,197.4,1112,0,1.280,2.781,9.337,10.726
2026-06-05T18:16:08,161.0,7.577,0.026,82,1888801,4408,0.0,0.0,3.972,7.173,1.267,4.614,33205.40,40293.67,197.4,1112,0,0.002,2.721,9.801,11.397
2026-06-05T18:16:09,160.0,7.933,0.028,82,1888803,4408,0.0,0.0,3.972,7.173,1.267,4.614,33205.40,40293.67,197.4,1112,0,2.798,2.696,10.085,10.413
2026-06-05T18:16:10,156.0,6.891,0.025,82,1888803,4408,0.0,0.0,3.972,7.173,1.267,4.614,33205.40,40293.67,197.4,1112,0,2.803,2.720,10.180,10.595
2026-06-05T18:16:11,155.0,6.883,0.024,82,1888801,4408,0.0,0.0,3.972,7.173,1.267,4.614,33205.40,40293.67,197.4,1112,0,2.429,2.764,9.486,10.484
2026-06-05T18:16:12,161.0,7.173,0.047,82,1888801,4408,0.0,0.0,3.972,7.173,1.267,4.614,33205.40,40293.67,197.4,1112,0,2.632,2.757,9.865,10.376
2026-06-05T18:16:13,160.0,6.858,0.028,82,1888801,4408,0.0,0.0,3.972,7.173,1.267,4.614,33205.40,40293.67,197.4,1112,0,1.135,2.698,9.779,12.999
2026-06-05T18:16:14,160.0,7.773,0.111,82,1888801,4408,0.0,0.0,3.972,7.173,1.267,4.614,33205.40,40293.67,197.4,1112,0,0.002,2.774,9.705,10.353
2026-06-05T18:16:15,160.0,6.511,0.137,82,1888801,4408,0.0,0.0,3.972,7.173,1.267,4.614,33205.40,40293.67,197.4,1112,0,0.002,2.686,9.782,11.433
2026-06-05T18:16:16,160.0,7.727,0.029,82,1888801,4408,0.0,0.0,3.972,7.173,1.267,4.614,33205.40,40293.67,197.4,1112,0,0.003,2.835,9.639,11.005
2026-06-05T18:16:17,159.0,9.567,0.152,82,1888801,4408,0.0,0.0,3.972,7.173,1.267,4.614,33205.40,40293.67,197.4,1112,0,0.002,2.720,9.753,11.326
2026-06-05T18:16:18,160.0,7.940,0.076,82,1888801,4408,0.0,0.0,3.972,7.173,1.267,4.614,33205.40,40293.67,197.4,1112,0,1.098,2.813,10.358,13.038
2026-06-05T18:16:19,148.0,9.100,0.029,82,1888803,4408,0.0,0.0,3.972,7.173,1.267,4.614,33205.40,40293.67,197.4,1112,0,3.094,2.900,11.122,13.659
2026-06-05T18:16:20,142.0,8.210,0.026,82,1888803,4408,0.0,0.0,3.972,7.173,1.267,4.614,33205.40,40293.67,197.4,1112,0,3.391,2.878,11.716,13.474
2026-06-05T18:16:21,152.0,8.327,0.024,82,1888801,4408,0.0,0.0,3.972,7.173,1.267,4.614,33205.40,40293.67,197.4,1112,0,1.611,2.689,10.111,12.651
2026-06-05T18:16:22,155.0,7.611,0.023,82,1888801,4408,0.0,0.0,3.972,7.173,1.267,4.614,33205.40,40293.67,197.4,1112,0,2.072,2.776,9.246,10.777
2026-06-05T18:16:23,162.0,7.652,0.034,82,1888803,4408,0.0,0.0,3.972,7.173,1.267,4.614,33205.40,40293.67,197.4,1112,0,2.846,2.673,10.150,10.955
2026-06-05T18:16:24,155.0,7.022,0.025,82,1888803,4408,0.0,0.0,3.972,7.173,1.267,4.614,33205.40,40293.67,197.4,1112,0,2.771,2.728,10.116,11.183
2026-06-05T18:16:25,155.0,7.549,0.027,82,1888803,4408,0.0,0.0,3.972,7.173,1.267,4.614,33205.40,40293.67,197.4,1112,0,2.734,2.761,10.063,10.309
2026-06-05T18:16:26,156.0,6.941,0.023,82,1888801,4408,0.0,0.0,3.972,7.173,1.267,4.614,33205.40,40293.67,197.4,1112,0,1.884,2.713,9.253,10.115
2026-06-05T18:16:27,161.0,7.479,0.024,82,1888803,4408,0.0,0.0,3.972,7.173,1.267,4.614,33205.40,40293.67,197.4,1112,0,2.963,2.663,10.432,14.302
2026-06-05T18:16:28,154.0,13.232,0.027,82,1888805,4408,0.0,0.0,3.972,7.173,1.267,4.614,33205.40,40293.67,197.4,1112,0,2.918,2.708,10.373,11.129
2026-06-05T18:16:29,155.0,7.177,0.021,82,1888801,4408,0.0,0.0,3.972,7.173,1.267,4.614,33205.40,40293.67,197.4,1112,0,2.629,2.750,9.812,12.478
2026-06-05T18:16:30,159.0,7.904,0.119,82,1888801,4408,0.0,0.0,3.972,7.173,1.267,4.614,33205.40,40293.67,197.4,1112,0,2.108,2.785,9.195,9.492
2026-06-05T18:16:31,160.0,7.332,0.027,82,1888803,4408,0.0,0.0,3.972,7.173,1.267,4.614,33205.40,40293.67,197.4,1112,0,2.796,2.689,10.143,10.334
2026-06-05T18:16:32,158.0,7.491,0.023,82,1888801,4408,0.0,0.0,3.972,7.173,1.267,4.614,33205.40,40293.67,197.4,1112,0,2.520,2.758,9.540,10.720
2026-06-05T18:16:33,159.0,7.485,0.024,82,1888803,4408,0.0,0.0,3.972,7.173,1.267,4.614,33205.40,40293.67,197.4,1112,0,3.257,2.935,11.415,12.232
2026-06-05T18:16:34,139.0,8.308,0.026,82,1888803,4408,0.0,0.0,3.972,7.173,1.267,4.614,33205.40,40293.67,197.4,1112,0,3.564,2.871,11.981,12.649
2026-06-05T18:16:35,137.0,8.186,0.027,82,1888803,4408,0.0,0.0,3.972,7.173,1.267,4.614,33205.40,40293.67,197.4,1112,0,3.915,2.355,11.816,14.474
2026-06-05T18:16:36,136.0,9.335,0.025,82,1888803,4408,0.0,0.0,3.972,7.173,1.267,4.614,33205.40,40293.67,197.4,1112,0,2.668,2.858,10.203,16.192
2026-06-05T18:16:37,157.0,11.498,0.132,82,1888805,4408,0.0,0.0,3.972,7.173,1.267,4.614,33205.40,40293.67,197.4,1112,0,2.072,2.689,10.234,13.829
2026-06-05T18:16:38,160.0,9.078,0.150,82,1888801,4408,0.0,0.0,3.972,7.173,1.267,4.614,33205.40,40293.67,197.4,1112,0,0.002,2.677,9.805,11.350
2026-06-05T18:16:39,160.0,7.616,0.172,82,1888801,4408,0.0,0.0,3.972,7.173,1.267,4.614,33205.40,40293.67,197.4,1112,0,0.002,2.728,9.749,11.186
2026-06-05T18:16:40,160.0,7.468,0.172,82,1888803,4408,0.0,0.0,3.972,7.173,1.267,4.614,33205.40,40293.67,197.4,1112,0,2.466,2.676,10.283,11.214
2026-06-05T18:16:41,154.0,7.660,0.101,82,1888803,4408,0.0,0.0,3.972,7.173,1.267,4.614,33205.40,40293.67,197.4,1112,0,2.781,2.725,10.228,14.032
2026-06-05T18:16:42,158.0,8.124,0.115,82,1888801,4408,0.0,0.0,3.972,7.173,1.267,4.614,33205.40,40293.67,197.4,1112,0,0.211,2.603,9.883,11.727
2026-06-05T18:16:43,160.0,7.867,0.111,82,1888801,4408,0.0,0.0,3.972,7.173,1.267,4.614,33205.40,40293.67,197.4,1112,0,2.597,2.741,9.814,10.578
2026-06-05T18:16:44,159.0,7.194,0.159,82,1888803,4408,0.0,0.0,3.972,7.173,1.267,4.614,33205.40,40293.67,197.4,1112,0,2.861,2.747,10.303,12.927
2026-06-05T18:16:45,152.0,8.006,0.121,82,1888803,4408,0.0,0.0,3.972,7.173,1.267,4.614,33205.40,40293.67,197.4,1112,0,2.703,2.828,10.118,11.768
2026-06-05T18:16:46,157.0,7.068,0.126,82,1888803,4408,0.0,0.0,3.972,7.173,1.267,4.614,33205.40,40293.67,197.4,1112,0,2.643,2.752,10.351,12.544
2026-06-05T18:16:47,152.0,7.375,0.126,82,1888803,4408,0.0,0.0,3.972,7.173,1.267,4.614,33205.40,40293.67,197.4,1112,0,3.380,2.548,10.981,13.532
2026-06-05T18:16:48,147.0,8.713,0.024,82,1889189,4409,10.9,179.1,4.075,10.132,1.476,4.614,34931.22,82499.33,199.1,1112,0,3.018,2.621,10.278,13.592
2026-06-05T18:16:49,149.0,36.579,0.025,82,1889195,4409,0.0,0.0,4.075,10.132,1.476,4.614,34931.22,82499.33,199.1,1112,0,2.636,2.707,9.758,10.672
2026-06-05T18:16:50,154.0,34.192,0.160,82,1889191,4409,18.0,322.3,4.225,14.243,2.288,7.055,35804.45,83394.67,204.1,1112,0,3.025,2.698,10.579,11.494
2026-06-05T18:16:51,149.0,29.049,0.025,82,1889197,4409,9.0,160.7,4.419,14.243,2.452,7.055,37560.47,84087.00,199.1,1112,0,3.592,2.548,11.429,15.424
2026-06-05T18:16:52,138.0,34.351,0.023,82,1889195,4409,9.9,166.5,4.537,14.243,2.664,7.055,38435.76,84539.67,199.1,1112,0,2.822,2.692,10.184,12.124
2026-06-05T18:16:53,152.0,8.920,0.026,82,1889195,4409,9.0,161.3,4.682,14.243,2.992,7.055,39326.94,85329.33,199.1,1112,0,2.672,2.707,9.883,11.457
2026-06-05T18:16:54,150.0,39.256,0.023,82,1889193,4409,9.0,161.4,4.824,14.243,3.326,7.055,40226.73,86360.00,199.1,1112,0,2.667,2.752,9.893,12.426
2026-06-05T18:16:55,154.0,37.092,0.027,82,1889195,4409,9.0,160.6,4.958,14.243,3.506,7.055,41138.62,86987.67,199.1,1112,0,3.124,2.681,10.695,13.302
2026-06-05T18:16:56,151.0,29.460,0.030,82,1889193,4409,0.0,0.0,4.958,14.243,3.506,7.055,41138.62,86987.67,199.1,1112,0,2.670,2.635,9.735,10.537
2026-06-05T18:16:57,157.0,28.931,0.029,82,1889189,4409,8.9,160.5,5.033,14.243,3.601,7.055,42059.55,88064.33,199.1,1112,0,2.442,2.801,9.528,10.619
2026-06-05T18:16:58,160.0,7.709,0.025,82,1889193,4409,17.9,322.1,5.265,14.243,3.940,6.859,43909.10,88992.00,199.1,1112,0,2.753,2.715,10.132,11.845
2026-06-05T18:16:59,150.0,34.788,0.023,82,1888813,4408,10.0,160.8,5.390,14.243,4.236,6.859,44837.54,89450.33,199.1,1112,0,2.785,2.700,9.986,12.892
2026-06-05T18:17:00,157.0,29.192,0.024,82,1888811,4408,9.0,160.8,5.473,14.243,4.036,6.859,45780.64,90270.00,199.1,1112,0,1.250,2.763,9.740,11.907
2026-06-05T18:17:01,155.0,27.207,0.027,82,1888811,4408,17.0,295.5,5.743,14.243,3.784,6.859,48569.53,90758.33,199.1,1112,0,2.847,2.693,11.187,36.964
2026-06-05T18:17:02,142.0,33.207,0.023,82,1888811,4408,0.0,0.0,5.743,14.243,3.784,6.859,48569.53,90758.33,199.1,1112,0,2.697,2.758,9.968,11.265
2026-06-05T18:17:03,157.0,9.594,0.024,82,1888419,4407,10.0,161.1,5.855,14.243,3.617,6.859,49520.28,91731.67,199.1,1112,0,1.556,2.707,9.488,11.152
2026-06-05T18:17:04,158.0,30.160,0.024,82,1888427,4407,9.0,160.6,5.978,14.243,3.468,6.828,50471.80,91928.33,199.1,1112,0,0.139,2.634,9.852,11.853
2026-06-05T18:17:05,161.0,7.596,0.025,82,1888807,4408,18.0,322.4,6.188,14.243,3.218,6.793,52374.84,93125.00,199.1,1112,0,1.981,2.701,9.240,11.124
2026-06-05T18:17:06,156.0,33.932,0.075,82,1888043,4406,2.0,0.1,6.188,14.243,3.076,6.793,52374.84,93125.00,199.1,1112,0,2.759,2.772,10.042,12.332
2026-06-05T18:17:07,149.0,51.459,0.026,82,1887653,4405,19.0,322.0,6.428,14.243,2.929,6.793,54314.86,94198.33,199.1,1112,0,2.630,2.662,9.665,10.841
2026-06-05T18:17:08,154.0,38.523,0.027,82,1886891,4403,11.0,161.3,6.577,14.243,2.931,6.793,55283.62,94984.67,199.1,1112,0,2.732,2.711,9.710,11.822
2026-06-05T18:17:09,154.0,31.148,0.026,82,1886893,4403,0.0,0.0,6.577,14.243,2.931,6.793,55283.62,94984.67,199.1,1112,0,2.857,2.725,10.259,12.093
2026-06-05T18:17:10,149.0,29.863,0.035,82,1886887,4403,8.9,160.4,6.671,14.243,2.898,6.793,56269.44,96011.33,199.1,1112,0,2.821,2.678,10.119,11.930
2026-06-05T18:17:11,151.0,34.379,0.033,82,1886891,4403,9.9,166.3,6.792,14.243,2.889,6.793,57259.38,96609.00,199.1,1112,0,2.651,2.786,9.938,11.824
2026-06-05T18:17:12,157.0,26.840,0.024,82,1886891,4403,10.9,196.5,6.888,14.243,2.655,5.405,59252.68,97584.67,199.1,1112,0,2.716,2.758,9.949,11.628
2026-06-05T18:17:13,151.0,8.526,0.045,82,1886889,4403,9.0,161.2,7.014,14.243,2.746,5.195,60260.64,98382.00,199.1,1112,0,2.631,2.740,9.822,12.236
2026-06-05T18:17:14,150.0,39.828,0.025,82,1886891,4403,17.9,321.3,7.252,14.515,2.670,5.279,62237.52,98416.67,199.1,1112,0,2.807,2.693,10.032,12.123
2026-06-05T18:17:15,146.0,33.197,0.025,82,1886893,4403,9.0,161.3,7.404,14.515,2.507,5.279,63244.06,99065.00,199.1,1112,0,3.051,2.677,10.667,12.556
2026-06-05T18:17:16,148.0,29.434,0.029,82,1886891,4403,17.9,321.6,7.625,14.745,2.810,6.241,65252.71,99749.33,199.1,1112,0,2.858,2.737,10.204,13.293
2026-06-05T18:17:17,150.0,41.414,0.026,82,1886893,4403,9.0,161.0,7.729,14.745,3.145,6.895,66274.55,100451.00,199.1,1112,0,2.937,2.730,10.386,12.348
2026-06-05T18:17:18,149.0,29.709,0.029,82,1886891,4403,10.0,167.1,7.811,14.745,3.081,6.895,67307.09,101095.67,199.1,1112,0,2.811,2.686,10.487,31.185
2026-06-05T18:17:19,149.0,26.489,0.024,82,1886893,4403,0.0,0.0,7.811,14.745,3.081,6.895,67307.09,101095.67,199.1,1112,0,2.807,2.642,10.050,11.164
2026-06-05T18:17:20,156.0,28.808,0.021,82,1886885,4403,9.0,160.8,7.944,14.745,3.265,6.895,68355.51,102184.33,199.1,1112,0,2.502,2.753,9.559,10.040
2026-06-05T18:17:21,161.0,7.458,0.075,82,1886887,4403,1.0,17.9,7.944,14.745,3.321,6.895,68355.51,102184.33,199.7,1112,0,2.460,2.792,9.556,9.962
2026-06-05T18:17:22,154.0,28.449,0.023,82,1887271,4404,11.0,198.2,8.135,14.745,3.456,6.895,70504.65,103854.00,199.1,1112,0,2.669,2.739,9.837,10.634
2026-06-05T18:17:23,157.0,8.462,0.059,82,1886507,4402,10.9,160.5,8.262,14.745,3.622,7.078,71598.02,104631.33,199.1,1112,0,2.967,2.729,10.482,14.223
2026-06-05T18:17:24,149.0,33.914,0.024,82,1886507,4402,11.9,215.1,8.457,14.745,3.370,7.078,73806.56,105152.00,199.1,1112,0,2.628,2.705,9.639,11.877
2026-06-05T18:17:25,154.0,29.814,0.022,82,1886509,4402,0.0,0.0,8.457,14.745,3.370,7.078,73806.56,105152.00,199.1,1112,0,2.781,2.710,10.132,11.161
2026-06-05T18:17:26,150.0,34.082,0.023,82,1886501,4402,18.0,322.3,8.757,14.745,2.919,7.078,76046.94,106179.33,199.1,1112,0,2.656,2.787,9.916,11.138
2026-06-05T18:17:27,154.0,8.348,0.025,82,1886123,4401,8.0,128.6,8.757,14.745,3.002,7.078,76046.94,106179.33,202.1,1112,0,3.188,2.510,10.614,12.158
2026-06-05T18:17:28,146.0,45.249,0.026,82,1886121,4401,12.9,184.8,8.860,14.745,2.844,7.078,78301.60,107280.67,199.1,1112,0,2.712,2.657,9.914,11.613
2026-06-05T18:17:29,157.0,28.680,0.026,82,1885739,4400,9.0,161.0,8.969,14.745,2.609,6.729,79437.44,107692.00,199.1,1112,0,2.583,2.740,9.694,11.427
2026-06-05T18:17:30,158.0,28.525,0.024,82,1885739,4400,9.0,160.9,9.072,14.745,2.625,6.729,80583.24,108357.67,199.1,1112,0,2.892,2.659,10.260,12.235
2026-06-05T18:17:31,156.0,7.712,0.122,82,1885737,4400,18.0,321.9,9.328,14.745,2.818,6.729,82925.28,109590.33,199.1,1112,0,3.251,2.609,10.834,15.473
2026-06-05T18:17:32,147.0,29.881,0.031,82,1885741,4400,0.0,0.0,9.328,14.745,2.818,6.729,82925.28,109590.33,199.1,1112,0,2.698,2.761,9.992,11.432
2026-06-05T18:17:33,155.0,7.102,0.024,82,1885349,4399,18.9,321.2,9.606,14.745,3.013,6.289,85313.01,110831.67,199.1,1112,0,2.934,2.727,10.215,13.476
2026-06-05T18:17:34,148.0,29.520,0.023,82,1885357,4399,0.0,0.0,9.606,14.745,3.013,6.289,85313.01,110831.67,199.1,1112,0,2.702,2.757,9.972,10.869
2026-06-05T18:17:35,158.0,8.779,0.028,82,1885349,4399,8.9,160.2,9.694,14.745,3.002,6.289,86527.94,112134.00,199.1,1112,0,2.818,2.665,10.035,11.434
2026-06-05T18:17:36,152.0,27.584,0.105,82,1885353,4399,9.0,161.0,9.852,14.745,3.069,6.289,87745.82,113083.67,199.1,1112,0,2.501,2.830,9.720,11.311
2026-06-05T18:17:37,152.0,42.198,0.023,82,1885357,4399,9.0,160.5,10.029,14.745,2.946,6.289,88963.60,113287.33,199.1,1112,0,3.022,2.680,10.522,12.998
2026-06-05T18:17:38,149.0,29.586,0.026,82,1885741,4400,9.9,166.0,10.197,14.745,3.070,4.924,90180.05,114088.00,199.1,1112,0,2.717,2.737,10.097,11.384
2026-06-05T18:17:39,150.0,30.110,0.025,82,1885357,4399,10.0,161.1,10.335,14.745,2.882,4.924,91412.49,114785.67,199.1,1112,0,2.602,2.727,9.767,10.886
2026-06-05T18:17:40,155.0,28.727,0.028,82,1885359,4399,0.0,0.0,10.335,14.745,2.882,4.924,91412.49,114785.67,199.1,1112,0,2.866,2.672,10.248,12.045
2026-06-05T18:17:41,149.0,35.686,0.026,82,1885353,4399,17.9,320.6,10.631,14.745,2.687,6.027,93909.23,116063.33,199.1,1112,0,3.443,2.511,11.118,12.592
2026-06-05T18:17:42,147.0,29.196,0.023,82,1884975,4398,1.0,0.0,10.631,14.745,2.676,6.027,93909.23,116063.33,199.1,1112,0,3.034,2.636,10.462,12.624
2026-06-05T18:17:43,148.0,30.114,0.027,82,1884969,4398,11.0,197.2,10.727,14.745,2.604,6.027,96412.04,117338.67,199.1,1112,0,3.412,2.465,11.027,12.382
2026-06-05T18:17:44,149.0,8.347,0.033,82,1884973,4398,2.0,36.3,10.727,14.745,2.642,6.027,96412.04,117338.67,200.2,1112,0,2.749,2.764,10.345,11.637
2026-06-05T18:17:45,146.0,28.017,0.137,82,1884971,4398,10.0,179.0,10.896,14.745,2.658,6.027,98915.51,118677.00,199.1,1112,0,3.028,2.654,10.647,12.019
2026-06-05T18:17:46,153.0,10.773,0.107,82,1884591,4397,18.9,320.5,11.101,14.745,2.689,6.027,100729.86,119551.00,199.1,1112,0,2.343,2.720,9.223,10.867
2026-06-05T18:17:47,158.0,28.256,0.173,82,1884591,4397,6.0,97.6,11.101,14.745,2.616,5.641,100729.86,119551.00,202.0,1112,0,1.821,2.703,9.870,26.603
2026-06-05T18:17:48,157.0,19.442,0.158,82,1884205,4396,13.9,229.1,11.090,14.745,2.485,5.641,101921.07,120937.67,199.1,1112,0,3.122,2.637,10.574,12.503
2026-06-05T18:17:49,151.0,30.021,0.162,82,1883823,4395,1.0,0.0,11.090,14.745,2.463,5.641,101921.07,120937.67,199.1,1112,0,0.931,2.632,9.701,12.675
2026-06-05T18:17:50,156.0,36.602,0.156,82,1883819,4395,9.0,160.9,11.123,14.745,2.604,5.641,102516.58,121902.00,199.1,1112,0,3.007,2.706,10.522,13.766
2026-06-05T18:17:51,145.0,28.090,0.103,82,1883823,4395,9.0,160.2,11.135,14.745,2.595,5.641,103115.73,122432.67,199.1,1112,0,2.713,2.703,9.959,11.022
2026-06-05T18:17:52,157.0,8.790,0.125,82,1883819,4395,11.9,214.7,11.057,14.745,2.561,5.641,103731.86,123972.33,204.0,1112,0,0.002,2.745,9.719,11.258
2026-06-05T18:17:53,156.0,30.080,0.090,82,1883823,4395,0.0,0.0,11.015,14.745,2.561,5.641,104330.70,123972.33,199.1,1112,0,0.002,2.699,9.785,11.464
2026-06-05T18:17:54,156.0,39.538,0.140,82,1883435,4394,19.0,321.8,10.983,14.745,2.343,5.294,105518.29,124842.33,199.1,1112,0,2.787,2.611,10.795,12.747
2026-06-05T18:17:55,148.0,28.799,0.109,85,1883633,4394,0.0,0.0,10.983,14.745,2.343,5.294,105518.29,124842.33,199.1,1115,0,2.717,2.683,10.056,11.975
2026-06-05T18:17:56,155.0,29.367,0.025,68,1882297,4394,10.0,160.5,10.984,14.745,2.337,5.294,106108.91,125864.00,199.1,1112,0,0.860,2.684,9.946,11.389
2026-06-05T18:17:59,161.0,8.024,0.112,112,1883289,4394,3.8,67.8,10.984,14.745,2.426,6.680,106108.91,125864.00,253.9,4016,0,2.328,2.726,10.245,11.232
2026-06-05T18:18:00,113.0,47.953,0.314,68,1601985,3664,751.8,470.5,10.793,14.745,0.003,0.009,109129.99,128706.67,197.2,1112,0,1.763,2.900,9.498,11.481
2026-06-05T18:18:01,160.0,22.693,0.087,68,1601985,3664,17.0,285.6,10.573,14.745,0.516,3.694,110885.68,128706.67,197.2,1112,0,1.014,2.589,9.538,12.201
2026-06-05T18:18:02,153.0,29.523,0.094,82,1602735,3663,24.9,399.6,10.498,14.745,1.358,4.096,112555.15,128706.67,197.2,1112,0,0.504,2.713,9.183,11.113
2026-06-05T18:18:03,158.0,21.359,0.222,84,1602883,3663,9.0,139.2,10.449,14.745,1.806,4.235,113098.11,128948.00,197.2,1112,0,0.622,2.788,9.933,28.575
2026-06-05T18:18:04,158.0,34.907,0.237,84,1602497,3662,17.9,284.8,10.332,14.745,2.685,5.309,114167.65,128948.00,197.8,1112,0,0.003,2.790,9.714,10.522
2026-06-05T18:18:05,158.0,24.323,0.032,84,1602883,3663,21.5,370.0,10.125,14.745,2.685,5.309,116176.14,129275.00,197.2,1112,0,0.003,2.887,9.572,11.648
2026-06-05T18:18:06,159.0,27.929,0.887,82,1602735,3663,1.0,18.0,10.125,14.745,2.700,5.309,116176.14,129275.00,197.8,1112,0,0.180,2.655,9.851,12.360
2026-06-05T18:18:07,160.0,8.151,0.037,82,1602729,3663,1.0,17.9,9.976,14.745,2.708,5.309,116671.59,130090.67,197.8,1112,0,0.003,2.755,9.727,10.706
2026-06-05T18:18:08,160.0,24.850,0.032,82,1602727,3663,9.0,152.3,9.750,14.745,2.729,5.309,117669.23,130464.33,197.2,1112,0,0.003,2.673,9.807,11.033
2026-06-05T18:18:09,160.0,7.604,0.028,82,1602731,3663,9.0,139.0,9.708,14.745,2.715,5.309,118178.46,131655.67,197.2,1112,0,0.554,2.743,9.856,25.897
2026-06-05T18:18:10,158.0,24.241,0.029,82,1602729,3663,0.0,0.0,9.708,14.745,2.715,5.309,118178.46,131655.67,197.2,1112,0,0.003,2.783,9.685,10.895
2026-06-05T18:18:11,158.0,26.755,0.027,82,1602727,3663,8.0,133.0,9.607,13.827,2.474,5.309,118699.90,133113.33,197.2,1112,0,0.726,2.780,9.266,11.233
2026-06-05T18:18:12,161.0,23.168,0.338,82,1602731,3663,8.0,133.7,9.538,13.827,2.270,4.426,119225.58,133393.00,197.2,1112,0,0.003,2.791,9.691,11.349
2026-06-05T18:18:13,157.0,27.150,0.028,82,1602731,3663,8.0,133.8,9.480,13.827,2.128,4.426,119756.59,134435.67,197.2,1112,0,1.223,2.744,9.233,11.715
2026-06-05T18:18:14,153.0,9.169,0.033,82,1602731,3663,8.0,133.6,9.503,13.827,2.067,4.426,120292.63,135402.33,197.2,1112,0,2.897,2.509,10.010,12.750
2026-06-05T18:18:15,159.0,24.998,0.033,82,1602731,3663,3.0,54.3,9.359,13.827,2.171,4.426,120818.47,135838.00,198.4,1112,0,0.003,2.457,10.014,12.518
2026-06-05T18:18:16,151.0,29.202,0.025,82,2370731,5663,9.0,837.9,9.288,13.827,2.289,8.975,121831.46,136272.67,204.7,1112,0,3.076,2.804,11.642,16.439
2026-06-05T18:18:17,116.0,11.051,0.034,82,2370733,5663,2.0,36.4,9.288,13.827,2.274,8.975,121831.46,136272.67,205.2,1112,0,4.953,2.747,14.691,18.397
2026-06-05T18:18:18,111.0,25.384,0.026,82,2370731,5663,3.0,54.6,9.127,13.827,2.282,8.975,122340.86,137233.00,205.7,1112,0,4.953,2.769,14.837,17.648
2026-06-05T18:18:19,116.0,9.612,0.027,82,2370729,5663,0.0,0.0,9.127,13.827,2.282,8.975,122340.86,137233.00,205.7,1112,0,4.358,2.786,13.606,15.591
2026-06-05T18:18:20,120.0,9.512,0.031,82,2370727,5663,0.0,0.0,9.127,13.827,2.282,8.975,122340.86,137233.00,205.7,1112,0,4.464,2.860,13.874,15.401
2026-06-05T18:18:21,118.0,9.720,0.030,82,2370727,5663,0.0,0.0,9.127,13.827,2.282,8.975,122340.86,137233.00,205.7,1112,0,4.403,2.893,13.908,15.887
2026-06-05T18:18:22,118.0,10.296,0.029,82,2370729,5663,0.0,0.0,9.127,13.827,2.282,8.975,122340.86,137233.00,205.7,1112,0,4.298,2.971,13.885,15.183
2026-06-05T18:18:23,120.0,9.745,0.025,82,2370727,5663,0.0,0.0,9.127,13.827,2.282,8.975,122340.86,137233.00,205.7,1112,0,4.106,2.860,13.190,14.434
2026-06-05T18:18:24,123.0,9.129,0.024,82,2370727,5663,0.0,0.0,9.127,13.827,2.282,8.975,122340.86,137233.00,205.7,1112,0,4.284,2.780,13.510,15.342
2026-06-05T18:18:25,119.0,12.420,0.032,82,2370729,5663,0.0,0.0,9.127,13.827,2.282,8.975,122340.86,137233.00,205.7,1112,0,4.812,2.792,14.479,19.085
2026-06-05T18:18:26,117.0,11.272,0.023,82,2370729,5663,0.0,0.0,9.127,13.827,2.282,8.975,122340.86,137233.00,205.7,1112,0,4.493,2.798,13.834,14.559
2026-06-05T18:18:27,116.0,9.081,0.053,82,2370729,5663,0.0,0.0,9.127,13.827,2.282,8.975,122340.86,137233.00,205.7,1112,0,4.828,2.681,14.332,14.646
2026-06-05T18:18:28,117.0,9.854,0.027,82,2370727,5663,0.0,0.0,9.127,13.827,2.282,8.975,122340.86,137233.00,205.7,1112,0,4.811,2.746,14.347,15.637
2026-06-05T18:18:29,121.0,9.921,0.023,82,2370727,5663,0.0,0.0,9.127,13.827,2.282,8.975,122340.86,137233.00,205.7,1112,0,4.293,2.659,13.215,15.031
2026-06-05T18:18:30,128.0,9.044,0.025,82,2370727,5663,0.0,0.0,9.127,13.827,2.282,8.975,122340.86,137233.00,205.7,1112,0,4.475,2.735,13.675,15.906
2026-06-05T18:18:31,117.0,10.876,0.026,82,2370729,5663,0.0,0.0,9.127,13.827,2.282,8.975,122340.86,137233.00,205.7,1112,0,4.430,2.709,13.392,14.350
2026-06-05T18:18:32,123.0,9.495,0.022,82,2370727,5663,0.0,0.0,9.127,13.827,2.282,8.975,122340.86,137233.00,205.7,1112,0,4.198,2.710,13.033,14.428
2026-06-05T18:18:33,130.0,9.296,0.024,82,2370727,5663,0.0,0.0,9.127,13.827,2.282,8.975,122340.86,137233.00,205.7,1112,0,4.194,2.677,12.921,14.216
2026-06-05T18:18:34,133.0,8.442,0.024,82,2370727,5663,0.0,0.0,9.127,13.827,2.282,8.975,122340.86,137233.00,205.7,1112,0,3.777,2.783,12.284,13.774
2026-06-05T18:18:35,124.0,9.920,0.026,82,2370727,5663,12.9,212.6,9.050,13.827,2.170,8.975,123887.76,154654.67,206.4,1112,0,4.610,2.763,13.892,16.221
2026-06-05T18:18:36,112.0,45.166,0.026,82,2370735,5663,0.0,0.0,9.050,13.827,2.170,8.975,123887.76,154654.67,206.4,1112,0,4.506,2.782,13.863,15.985
2026-06-05T18:18:37,120.0,10.646,0.025,82,2370729,5663,12.0,207.7,9.095,16.694,2.186,8.975,124665.30,155942.00,206.4,1112,0,4.585,2.724,13.847,16.872
2026-06-05T18:18:38,123.0,40.105,0.026,82,2370735,5663,0.0,0.0,9.095,16.694,2.186,8.975,124665.30,155942.00,206.4,1112,0,4.157,2.796,13.096,13.512
2026-06-05T18:18:39,117.0,38.674,0.029,82,2370345,5662,12.9,207.2,9.139,16.694,2.414,8.975,125469.26,157366.67,206.4,1112,0,3.937,2.849,12.744,16.246
2026-06-05T18:18:40,128.0,8.613,0.025,82,2370349,5662,0.0,0.0,9.139,16.694,2.414,8.975,125469.26,157366.67,206.4,1112,0,3.774,2.968,12.678,13.893
2026-06-05T18:18:41,123.0,38.010,0.025,82,2369961,5661,13.0,207.6,9.260,16.694,2.534,8.975,126278.02,159041.33,206.4,1112,0,3.965,2.810,12.906,17.076
2026-06-05T18:18:42,125.0,8.486,0.026,82,2369965,5661,0.0,0.0,9.260,16.694,2.534,8.975,126278.02,159041.33,206.4,1112,0,3.991,2.935,13.171,13.591
2026-06-05T18:18:43,117.0,39.592,0.025,82,2370345,5662,12.0,207.9,9.472,16.903,2.813,6.801,127119.19,160790.00,206.4,1112,0,4.458,2.875,14.008,16.358
2026-06-05T18:18:44,124.0,10.797,0.025,82,2370351,5662,0.0,0.0,9.472,16.903,2.813,6.801,127119.19,160790.00,206.4,1112,0,4.264,2.735,13.328,17.018
2026-06-05T18:18:45,126.0,8.662,0.032,82,2370343,5662,0.0,0.0,9.472,16.903,2.813,6.801,127119.19,160790.00,206.4,1112,0,4.050,2.714,12.871,13.958
2026-06-05T18:18:46,129.0,39.551,0.023,82,2370345,5662,11.9,206.8,9.549,16.903,2.875,6.801,127989.14,163368.67,206.4,1112,0,3.868,2.682,12.416,13.718
2026-06-05T18:18:47,130.0,8.827,0.026,82,2370349,5662,0.0,0.0,9.549,16.903,2.875,6.801,127989.14,163368.67,206.4,1112,0,3.921,2.649,12.439,13.955
2026-06-05T18:18:48,127.0,37.694,0.026,82,2370345,5662,11.9,206.9,9.615,16.903,3.009,6.801,128876.24,165132.33,206.4,1112,0,4.031,2.737,12.754,15.891
2026-06-05T18:18:49,134.0,11.347,0.025,82,2370351,5662,0.0,0.0,9.615,16.903,3.009,6.801,128876.24,165132.33,206.4,1112,0,3.918,2.663,12.412,13.073
2026-06-05T18:18:50,124.0,36.833,0.023,82,2370345,5662,11.9,206.5,9.648,16.903,2.975,6.702,129764.00,166407.00,206.4,1112,0,4.413,2.784,13.644,15.454
2026-06-05T18:18:51,120.0,9.506,0.024,82,2370349,5662,11.9,206.7,9.673,16.903,3.224,7.389,130671.78,167643.67,206.4,1112,0,4.695,2.830,14.335,21.715
2026-06-05T18:18:52,106.0,38.589,0.026,82,2370351,5662,24.8,418.9,9.698,16.903,3.173,7.389,132452.06,167729.33,206.4,1112,0,4.255,2.742,13.335,16.706
2026-06-05T18:18:53,120.0,10.735,0.101,82,2370351,5662,1.0,18.0,9.698,16.903,3.188,7.389,132452.06,167729.33,206.9,1112,0,4.657,2.713,14.100,16.251
2026-06-05T18:18:54,113.0,43.304,0.025,82,2370347,5662,24.9,433.0,9.718,16.903,3.369,7.389,135089.92,169265.67,206.4,1112,0,4.675,2.745,14.003,16.897
2026-06-05T18:18:55,121.0,37.336,0.025,82,2370351,5662,11.9,206.2,9.759,16.903,3.122,7.086,135962.20,169913.67,206.4,1112,0,3.972,2.840,13.056,15.165
2026-06-05T18:18:56,118.0,47.829,0.029,82,2370351,5662,11.9,207.0,9.798,16.903,3.094,6.884,136830.82,170377.33,206.4,1112,0,4.780,2.590,14.166,18.023
2026-06-05T18:18:57,115.0,36.638,0.023,82,2370351,5662,11.9,206.5,9.820,16.903,3.319,6.884,137692.50,171211.00,206.4,1112,0,4.663,2.639,13.895,15.453
2026-06-05T18:18:58,120.0,37.438,0.024,82,2370351,5662,0.0,0.0,9.820,16.903,3.319,6.884,137692.50,171211.00,206.4,1112,0,4.193,2.722,13.170,14.720
2026-06-05T18:18:59,127.0,35.920,0.025,82,2369577,5660,21.0,317.7,9.987,16.903,3.224,6.959,139436.16,172584.67,206.9,1112,0,4.479,2.720,13.737,16.766
2026-06-05T18:19:00,115.0,10.789,0.028,82,2369583,5660,15.0,250.4,9.957,16.903,3.037,6.959,141160.62,173193.00,206.4,1112,0,4.220,2.750,13.192,14.849
2026-06-05T18:19:01,114.0,44.272,0.027,82,2369967,5661,11.7,202.2,10.093,18.590,3.012,8.983,142024.30,173637.33,206.4,1112,0,4.863,2.748,14.580,15.914
2026-06-05T18:19:02,114.0,41.911,0.026,82,2369969,5661,9.9,183.6,10.093,18.590,2.884,8.983,142024.30,173637.33,212.1,1112,0,4.638,2.709,14.075,16.241
2026-06-05T18:19:03,114.0,49.042,0.023,82,2369969,5661,7.0,127.8,10.132,18.590,2.960,8.983,143743.53,174485.67,209.2,1112,0,4.101,2.777,13.088,15.346
2026-06-05T18:19:04,120.0,33.893,0.025,82,2369967,5661,13.0,225.8,10.063,18.590,2.849,8.983,145433.55,175139.33,206.4,1112,0,4.702,2.639,13.916,18.123
2026-06-05T18:19:05,115.0,40.795,0.031,82,2369969,5661,24.0,415.7,10.158,18.590,2.768,6.014,147095.16,175340.33,206.4,1112,0,5.117,2.661,14.873,17.702
2026-06-05T18:19:06,112.0,37.927,0.051,82,2369969,5661,18.6,331.1,10.212,18.590,2.535,6.014,147913.59,176352.00,212.8,1112,0,4.673,2.775,14.164,16.197
2026-06-05T18:19:07,120.0,35.388,0.027,82,2369969,5661,0.0,0.0,10.231,18.590,2.535,6.014,148732.28,176352.00,206.4,1112,0,4.750,2.770,14.296,19.197
2026-06-05T18:19:08,110.0,34.753,0.027,82,2369963,5661,13.0,213.5,10.221,18.590,2.095,5.754,149553.77,177086.33,206.4,1112,0,4.898,2.683,14.556,17.978
2026-06-05T18:19:09,112.0,19.149,0.028,82,2369969,5661,6.0,109.1,10.105,18.590,2.355,8.428,150382.86,177904.00,208.7,1112,0,4.990,2.465,14.294,16.460
2026-06-05T18:19:10,121.0,21.255,0.029,82,2369583,5660,16.0,262.5,10.130,18.590,2.313,8.428,152761.78,178639.33,206.4,1112,0,4.178,2.817,13.258,14.946
2026-06-05T18:19:11,116.0,42.703,0.049,82,2369585,5660,0.0,0.0,10.130,18.590,2.313,8.428,152761.78,178639.33,206.4,1112,0,4.332,2.765,13.529,14.682
2026-06-05T18:19:12,116.0,38.097,0.027,82,2369195,5659,24.8,412.7,10.352,18.590,2.255,8.428,154365.63,179670.33,206.4,1112,0,4.516,2.755,13.766,18.476
2026-06-05T18:19:13,116.0,47.281,0.025,82,2369201,5659,0.0,0.0,10.352,18.590,2.255,8.428,154365.63,179670.33,206.4,1112,0,5.016,2.588,14.551,17.432
2026-06-05T18:19:14,118.0,10.343,0.023,82,2369195,5659,13.9,243.3,10.473,18.590,2.354,8.428,156016.57,181319.00,206.4,1112,0,4.438,2.740,13.564,15.619
2026-06-05T18:19:15,115.0,37.877,0.036,82,2369201,5659,0.0,0.0,10.473,18.590,2.354,8.428,156016.57,181319.00,206.4,1112,0,4.766,2.697,14.273,16.772
2026-06-05T18:19:16,117.0,11.105,0.027,82,2369195,5659,17.0,286.7,10.473,18.590,2.297,5.462,156016.57,181319.00,215.0,1112,0,4.937,2.687,15.179,39.867
2026-06-05T18:19:17,111.0,44.846,0.024,82,2369585,5660,0.0,0.0,10.422,18.590,2.297,5.462,157712.58,182763.33,206.4,1112,0,4.095,2.799,13.077,14.005
2026-06-05T18:19:18,124.0,9.171,0.026,82,2369577,5660,12.0,207.6,10.509,18.590,2.503,7.767,158582.68,183784.67,206.4,1112,0,4.460,2.795,13.738,16.113
2026-06-05T18:19:19,113.0,37.966,0.026,82,2369585,5660,0.0,0.0,10.509,18.590,2.503,7.767,158582.68,183784.67,206.4,1112,0,4.790,2.805,14.412,17.344
2026-06-05T18:19:20,114.0,38.836,0.024,82,2368811,5658,13.9,206.6,10.617,18.590,2.697,7.767,159464.60,184946.33,206.4,1112,0,4.649,2.784,14.184,16.029
2026-06-05T18:19:21,112.0,39.120,0.026,82,2368817,5658,21.9,391.4,10.712,18.590,2.831,7.767,160365.22,185882.00,212.0,1112,0,5.144,2.674,14.983,21.039
2026-06-05T18:19:22,112.0,42.548,0.024,82,2368817,5658,25.0,434.2,10.982,19.587,3.268,6.121,163061.81,186558.67,206.4,1112,0,4.594,2.778,13.949,17.651
2026-06-05T18:19:23,114.0,38.146,0.025,82,2368433,5657,12.9,206.4,11.130,19.587,3.034,6.121,163963.93,187010.67,206.3,1112,0,4.777,2.582,13.881,17.118
2026-06-05T18:19:24,121.0,36.967,0.023,82,2368433,5657,15.0,262.5,11.172,19.587,2.846,6.121,165795.91,187623.33,206.3,1112,0,4.774,2.691,14.244,17.047
2026-06-05T18:19:25,119.0,38.142,0.033,82,2368433,5657,0.0,0.0,11.172,19.587,2.846,6.121,165795.91,187623.33,206.3,1112,0,3.577,2.766,11.954,12.790
2026-06-05T18:19:26,128.0,37.847,0.025,82,2368427,5657,13.0,213.0,11.263,19.587,2.795,6.121,166722.51,188351.67,206.3,1112,0,4.616,2.621,13.822,15.119
2026-06-05T18:19:27,121.0,10.247,0.028,82,2368433,5657,11.9,206.5,11.480,19.587,2.904,6.514,167648.46,189351.33,206.3,1112,0,4.535,2.776,13.858,15.585
2026-06-05T18:19:28,114.0,39.003,0.115,82,2368433,5657,12.0,207.8,11.661,19.587,2.871,6.646,168572.75,189619.00,206.3,1112,0,4.527,2.814,13.951,15.129
2026-06-05T18:19:29,120.0,10.344,0.028,82,2368433,5657,11.9,206.3,11.744,19.587,2.975,6.646,169523.57,191020.67,206.3,1112,0,4.047,2.746,12.863,17.446
2026-06-05T18:19:30,121.0,37.151,0.023,82,2368433,5657,0.0,0.0,11.744,19.587,2.975,6.646,169523.57,191020.67,206.3,1112,0,4.593,2.794,14.100,15.041
2026-06-05T18:19:31,117.0,36.609,0.025,82,2368427,5657,11.9,206.5,11.821,19.587,3.241,6.646,170467.32,192055.33,206.3,1112,0,4.466,2.761,13.832,14.831
2026-06-05T18:19:32,117.0,14.469,0.024,82,2368049,5656,12.9,206.4,11.887,19.587,3.755,6.646,171402.08,192938.00,206.3,1112,0,4.825,2.774,14.413,17.382
2026-06-05T18:19:33,105.0,55.815,0.024,82,2368049,5656,23.8,412.4,12.176,19.587,3.259,6.225,173253.55,193286.67,206.3,1112,0,4.456,2.749,13.685,16.102
2026-06-05T18:19:34,122.0,9.923,0.026,82,2368431,5657,11.9,206.4,12.269,19.587,3.112,6.225,174171.08,194124.00,206.3,1112,0,4.631,2.706,14.006,16.180
2026-06-05T18:19:35,116.0,40.082,0.027,82,2368433,5657,15.0,249.5,12.352,19.587,2.870,7.127,176007.33,194978.67,206.3,1112,0,4.417,2.806,13.547,15.993
2026-06-05T18:19:36,118.0,33.425,0.024,82,2368433,5657,0.0,0.0,12.352,19.587,2.870,7.127,176007.33,194978.67,206.3,1112,0,4.462,2.774,13.799,15.835
2026-06-05T18:19:37,115.0,48.120,0.024,82,2368427,5657,11.9,206.3,12.483,19.587,2.703,7.528,176942.56,195809.00,206.3,1112,0,5.003,2.510,14.468,16.565
2026-06-05T18:19:38,113.0,39.421,0.025,82,2368433,5657,23.2,401.5,12.916,19.587,3.225,7.528,178528.99,196850.33,206.3,1112,0,4.845,2.732,14.588,16.726
2026-06-05T18:19:39,113.0,38.732,0.025,82,2368433,5657,0.0,0.0,12.916,19.587,3.225,7.528,178528.99,196850.33,206.3,1112,0,4.412,2.755,13.621,15.413
2026-06-05T18:19:40,122.0,10.080,0.025,82,2368427,5657,12.0,207.2,13.001,19.587,3.300,7.528,179211.98,198046.00,206.3,1112,0,3.971,2.736,12.631,14.834
2026-06-05T18:19:41,127.0,38.630,0.027,82,2368433,5657,12.0,207.1,13.015,19.587,3.242,7.528,179883.14,198895.67,206.3,1112,0,4.062,2.795,12.856,14.861
2026-06-05T18:19:42,120.0,43.042,0.027,82,2368049,5656,12.6,200.9,12.974,19.587,3.462,7.423,180547.69,199898.33,206.3,1112,0,5.027,2.504,14.418,17.516
2026-06-05T18:19:43,115.0,37.399,0.025,82,2368049,5656,11.9,206.3,12.981,19.587,3.642,7.643,181192.52,200310.00,206.3,1112,0,4.809,2.698,14.347,16.747
2026-06-05T18:19:44,115.0,37.948,0.026,82,2368049,5656,11.9,206.8,12.917,19.587,3.742,7.643,181821.51,201045.67,206.3,1112,0,5.293,2.512,14.980,19.864
2026-06-05T18:19:45,113.0,43.720,0.026,82,2368049,5656,12.0,207.4,12.978,19.978,4.089,7.730,182414.16,201298.33,206.3,1112,0,3.881,2.796,12.643,14.693
2026-06-05T18:19:46,116.0,50.088,0.025,82,2367665,5655,13.9,212.8,12.908,19.978,3.986,7.730,182987.38,201818.00,206.3,1112,0,4.265,2.760,13.358,15.438
2026-06-05T18:19:47,124.0,38.985,0.149,82,2367665,5655,23.5,407.2,12.954,19.978,3.460,7.730,184103.93,202935.33,206.3,1112,0,4.419,2.833,13.844,15.762
2026-06-05T18:19:48,115.0,39.969,0.025,82,2367665,5655,0.0,0.0,12.954,19.978,3.460,7.730,184103.93,202935.33,206.3,1112,0,5.096,2.552,14.691,16.483
2026-06-05T18:19:49,116.0,10.670,0.106,82,2367659,5655,12.0,207.4,12.967,19.978,3.454,7.730,184669.97,203956.00,206.4,1112,0,4.736,2.537,14.428,16.682
2026-06-05T18:19:50,111.0,55.133,0.028,82,2367281,5654,3.0,36.3,12.967,19.978,3.431,7.237,184669.97,203956.00,207.5,1112,0,4.582,2.650,14.496,16.319
2026-06-05T18:19:51,115.0,13.302,0.056,82,2367277,5654,2.0,36.5,12.907,19.978,3.421,7.237,185265.53,205838.67,206.9,1112,0,4.263,2.721,13.748,16.623
2026-06-05T18:19:52,113.0,42.584,0.089,82,2367661,5655,12.9,225.3,12.865,19.978,3.148,7.237,186417.73,206136.33,206.4,1112,0,4.478,2.578,14.503,16.420
2026-06-05T18:19:53,120.0,9.889,0.127,82,2367663,5655,18.0,318.4,12.834,19.978,3.486,7.237,187004.54,206660.67,209.8,1112,0,4.445,2.617,13.789,16.810
2026-06-05T18:19:54,118.0,38.052,0.029,82,2367665,5655,14.0,244.7,12.812,19.978,3.261,7.237,188165.12,207433.33,206.3,1112,0,4.443,2.767,13.781,16.039
2026-06-05T18:19:55,114.0,35.266,0.032,82,2367665,5655,13.0,213.1,12.785,19.978,2.692,7.237,188737.73,207857.67,206.3,1112,0,4.134,2.717,13.891,37.077
2026-06-05T18:19:56,115.0,39.768,0.035,82,2366897,5653,26.0,415.4,12.811,19.978,2.569,6.177,189858.83,208472.00,206.3,1112,0,4.157,2.677,12.896,15.671
2026-06-05T18:19:57,124.0,36.704,0.028,82,2366897,5653,0.0,0.0,12.811,19.978,2.569,6.177,189858.83,208472.00,206.3,1112,0,4.523,2.772,14.897,17.205
2026-06-05T18:19:58,115.0,10.453,0.034,82,2366891,5653,14.0,243.9,12.793,19.978,2.294,5.754,191009.19,210000.67,206.3,1112,0,4.245,2.758,13.871,17.025
2026-06-05T18:19:59,112.0,32.413,0.026,68,2365761,5653,11.9,206.2,12.746,19.978,2.513,5.890,191585.27,210506.00,206.3,1112,0,4.488,2.805,14.096,15.927
2026-06-05T18:20:00,114.0,38.002,0.573,68,2365761,5653,11.9,206.2,12.695,19.978,2.694,5.890,192157.95,211107.67,206.3,1112,0,3.981,2.771,13.014,14.960
2026-06-05T18:20:02,123.0,36.324,0.135,112,2366697,5653,0.0,0.0,12.695,19.978,2.694,5.890,192157.95,211107.67,236.1,2904,0,3.978,2.747,13.456,14.368
2026-06-05T18:20:03,40.0,34.413,0.025,112,2366691,5653,12.9,223.9,12.675,19.978,2.592,6.024,193343.86,212920.33,236.0,2904,0,3.910,2.668,13.085,15.456
2026-06-05T18:20:04,123.0,11.590,0.028,68,2194881,5208,467.2,270.6,12.350,19.978,0.002,0.006,194546.26,213715.66,204.3,1112,0,4.042,2.773,12.825,16.051
2026-06-05T18:20:05,118.0,54.949,0.325,112,2195525,5207,2.0,17.9,12.350,19.978,0.055,3.408,194546.26,213715.66,205.5,1144,0,3.797,2.736,13.466,31.353
2026-06-05T18:20:06,121.0,32.546,0.164,68,2193341,5204,35.0,400.5,12.259,19.978,1.104,5.620,196357.74,214721.00,204.3,1112,0,3.520,2.761,12.431,13.900
2026-06-05T18:20:07,123.0,36.045,0.247,82,2194481,5204,22.0,380.5,12.525,19.978,2.033,5.620,197523.93,215004.66,204.3,1112,0,3.854,2.749,13.263,16.757
2026-06-05T18:20:08,120.0,42.720,0.067,82,2194481,5204,1.0,18.0,12.525,19.978,2.137,6.642,197523.93,215004.66,204.9,1112,0,3.355,2.814,12.176,13.168
2026-06-05T18:20:09,126.0,36.821,0.049,84,2194625,5204,11.0,190.0,12.546,19.978,2.419,6.642,198697.42,216158.34,204.3,1112,0,3.417,2.738,12.192,13.388
2026-06-05T18:20:10,127.0,49.437,0.228,84,2194629,5204,21.9,378.4,12.657,19.978,2.806,6.642,199880.21,216885.34,204.3,1112,0,3.654,2.808,12.136,14.385
2026-06-05T18:20:11,129.0,35.512,0.031,84,2194245,5203,13.0,195.7,12.594,19.978,2.919,6.642,200464.66,217075.00,204.3,1112,0,3.810,2.763,12.557,15.110
2026-06-05T18:20:12,124.0,32.869,0.205,84,2194245,5203,7.0,128.4,12.566,19.978,3.116,6.642,201041.03,218206.66,207.2,1112,0,3.415,2.844,12.740,14.983
2026-06-05T18:20:13,124.0,34.885,0.145,84,2194243,5203,14.0,245.2,12.618,19.978,2.856,5.685,202737.84,218495.00,204.3,1112,0,3.356,2.850,12.640,14.256
2026-06-05T18:20:14,123.0,32.907,0.032,82,2194097,5203,2.0,36.5,12.618,19.978,2.899,5.685,202737.84,218495.00,205.4,1112,0,3.732,2.773,12.583,14.471
2026-06-05T18:20:15,129.0,9.531,0.107,82,2193707,5202,15.9,263.0,12.327,19.978,2.730,5.685,204360.64,219683.34,204.3,1112,0,4.691,2.437,13.404,17.323
2026-06-05T18:20:16,120.0,36.684,0.026,82,2193713,5202,10.9,189.5,12.247,19.978,2.538,5.685,204881.76,219910.34,204.3,1112,0,3.921,2.810,12.636,13.652
2026-06-05T18:20:17,125.0,35.448,0.027,82,2193713,5202,8.0,147.8,12.247,19.978,2.781,6.164,204881.76,219910.34,208.9,1112,0,3.901,2.818,12.684,13.909
2026-06-05T18:20:18,127.0,9.338,0.029,82,2193709,5202,0.0,0.0,12.247,19.978,2.781,6.164,204881.76,219910.34,208.9,1112,0,4.000,2.840,13.031,14.999
2026-06-05T18:20:19,125.0,11.934,0.026,82,2193707,5202,0.0,0.0,12.247,19.978,2.781,6.164,204881.76,219910.34,208.9,1112,0,4.299,2.765,13.395,15.655
2026-06-05T18:20:20,126.0,9.410,0.026,82,2193705,5202,14.9,231.8,12.071,19.978,2.759,6.164,206038.17,223349.00,204.3,1112,0,3.947,2.829,12.624,15.060
2026-06-05T18:20:21,119.0,57.738,0.104,82,2193713,5202,0.0,0.0,12.071,19.978,2.759,6.164,206038.17,223349.00,204.3,1112,0,3.772,2.882,12.477,13.692
2026-06-05T18:20:22,126.0,9.610,0.029,82,2193705,5202,0.0,0.0,12.071,19.978,2.759,6.164,206038.17,223349.00,204.3,1112,0,4.065,2.807,12.970,15.863
2026-06-05T18:20:23,122.0,35.073,0.029,82,2193323,5201,12.0,189.9,12.088,19.978,2.675,8.043,206633.01,225080.34,204.3,1112,0,4.002,2.774,12.815,14.270
2026-06-05T18:20:24,127.0,10.302,0.028,82,2193329,5201,0.0,0.0,12.088,19.978,2.675,8.043,206633.01,225080.34,204.3,1112,0,3.695,2.818,12.260,13.228
2026-06-05T18:20:25,131.0,9.429,0.026,82,2193321,5201,0.0,0.0,12.088,19.978,2.675,8.043,206633.01,225080.34,204.3,1112,0,4.058,2.683,12.737,15.010
2026-06-05T18:20:26,132.0,8.794,0.027,82,2193705,5202,10.9,189.3,12.234,19.978,2.490,8.043,207266.34,228157.00,204.3,1112,0,3.663,2.801,12.229,17.862
2026-06-05T18:20:27,130.0,35.965,0.031,82,2193713,5202,0.0,0.0,12.234,19.978,2.490,8.043,207266.34,228157.00,204.3,1112,0,3.723,2.810,12.263,13.791
2026-06-05T18:20:28,132.0,8.849,0.118,82,2193705,5202,0.0,0.0,12.234,19.978,2.490,8.043,207266.34,228157.00,204.3,1112,0,3.865,2.776,12.553,13.750
2026-06-05T18:20:29,132.0,8.771,0.031,82,2193321,5201,11.9,188.8,12.228,19.978,2.509,8.043,207947.74,230927.66,204.3,1112,0,4.083,2.783,12.940,16.427
2026-06-05T18:20:30,122.0,36.803,0.136,82,2193329,5201,0.0,0.0,12.228,19.978,2.509,8.043,207947.74,230927.66,204.3,1112,0,4.216,2.865,13.372,15.301
2026-06-05T18:20:31,125.0,9.770,0.026,82,2193321,5201,11.0,190.0,12.232,19.978,2.441,8.043,208634.69,232316.34,204.3,1112,0,4.161,2.775,13.114,14.504
2026-06-05T18:20:32,119.0,35.496,0.030,82,2193329,5201,10.9,189.1,12.197,19.978,2.259,8.043,209315.52,232924.00,204.3,1112,0,4.111,2.798,13.095,15.965
2026-06-05T18:20:33,124.0,10.507,0.129,82,3345331,8201,11.9,1211.6,12.194,19.978,2.639,19.119,210009.57,234038.66,214.0,1112,0,5.354,2.740,15.499,23.372
2026-06-05T18:20:34,99.0,48.355,0.028,82,3345331,8201,0.0,0.0,12.194,19.978,2.639,19.119,210009.57,234038.66,214.0,1112,0,7.317,2.772,19.645,20.740
2026-06-05T18:20:35,88.0,11.985,0.026,82,3345323,8201,16.9,300.1,12.320,22.515,3.266,19.119,210707.82,235708.34,217.5,1112,0,7.917,2.757,20.759,23.961
2026-06-05T18:20:36,80.0,75.133,0.026,82,3345329,8201,16.9,300.5,12.320,22.515,3.352,19.119,210707.82,235708.34,221.7,1112,0,7.857,2.765,20.784,22.671
2026-06-05T18:20:37,82.0,55.207,0.161,82,3345329,8201,0.0,0.0,12.455,22.786,3.370,19.119,211406.03,236741.00,217.5,1112,0,7.940,2.711,20.931,22.593
2026-06-05T18:20:38,84.0,14.527,0.027,82,3345323,8201,0.0,0.0,12.455,22.786,3.370,19.119,211406.03,236741.00,217.5,1112,0,8.284,2.722,21.609,23.246
2026-06-05T18:20:39,82.0,13.400,0.028,82,3345323,8201,0.0,0.0,12.455,22.786,3.370,19.119,211406.03,236741.00,217.5,1112,0,8.306,2.756,21.721,22.857
2026-06-05T18:20:40,81.0,12.991,0.028,82,3345323,8201,0.0,0.0,12.455,22.786,3.370,19.119,211406.03,236741.00,217.5,1112,0,8.169,2.732,21.398,21.965
2026-06-05T18:20:41,84.0,12.727,0.029,82,3345323,8201,0.0,0.0,12.455,22.786,3.370,19.119,211406.03,236741.00,217.5,1112,0,8.385,2.728,21.812,22.853
2026-06-05T18:20:42,82.0,12.985,0.125,82,3345323,8201,0.0,0.0,12.455,22.786,3.370,19.119,211406.03,236741.00,217.5,1112,0,7.289,2.777,19.689,21.857
2026-06-05T18:20:43,89.0,12.708,0.030,82,3345323,8201,0.0,0.0,12.455,22.786,3.370,19.119,211406.03,236741.00,217.5,1112,0,7.655,2.843,20.541,23.393
2026-06-05T18:20:44,86.0,13.305,0.030,82,3345323,8201,0.0,0.0,12.455,22.786,3.370,19.119,211406.03,236741.00,217.5,1112,0,7.700,2.813,20.613,24.285
2026-06-05T18:20:45,85.0,15.279,0.032,82,3345323,8201,0.0,0.0,12.455,22.786,3.370,19.119,211406.03,236741.00,217.5,1112,0,7.388,2.795,20.113,22.312
2026-06-05T18:20:46,88.0,12.832,0.028,82,3345323,8201,0.0,0.0,12.455,22.786,3.370,19.119,211406.03,236741.00,217.5,1112,0,7.619,2.812,20.488,21.942
2026-06-05T18:20:47,85.0,12.954,0.063,68,3344187,8201,0.0,0.0,12.455,22.786,3.370,19.119,211406.03,236741.00,217.5,1112,0,7.646,2.834,21.259,22.602
2026-06-05T18:20:48,83.0,13.071,0.135,68,3344187,8201,0.0,0.0,12.455,22.786,3.370,19.119,211406.03,236741.00,217.5,1112,0,6.984,2.837,20.194,21.427
2026-06-05T18:20:49,86.0,12.936,0.148,71,3344403,8201,0.0,0.0,12.455,22.786,3.370,19.119,211406.03,236741.00,217.6,1115,0,7.150,2.835,19.732,22.013
2026-06-05T18:20:50,88.0,14.692,0.029,71,3344403,8201,0.0,0.0,12.455,22.786,3.370,19.119,211406.03,236741.00,217.6,1115,0,8.242,2.844,21.815,23.680
2026-06-05T18:20:51,81.0,15.992,0.135,71,3344403,8201,0.0,0.0,12.455,22.786,3.370,19.119,211406.03,236741.00,217.6,1115,0,7.469,2.890,20.325,21.796
2026-06-05T18:20:52,86.0,13.175,0.029,68,3344187,8201,0.0,0.0,12.455,22.786,3.370,19.119,211406.03,236741.00,217.5,1112,0,6.791,2.827,19.149,20.938
2026-06-05T18:20:53,91.0,17.731,0.327,68,3344187,8201,0.0,0.0,12.455,22.786,3.370,19.119,211406.03,236741.00,217.5,1112,0,7.095,2.804,19.735,21.606
2026-06-05T18:20:54,90.0,13.254,0.287,71,3344403,8201,0.0,0.0,12.455,22.786,3.370,19.119,211406.03,236741.00,217.6,1115,0,6.814,2.770,18.816,20.408
2026-06-05T18:20:55,92.0,13.082,0.030,71,3344403,8201,0.0,0.0,12.455,22.786,3.370,19.119,211406.03,236741.00,217.6,1115,0,7.321,2.712,19.632,20.637
2026-06-05T18:20:56,90.0,12.787,0.026,71,3344403,8201,0.0,0.0,12.455,22.786,3.370,19.119,211406.03,236741.00,217.6,1115,0,7.763,2.704,20.489,22.109
2026-06-05T18:20:57,87.0,12.683,0.030,71,3344403,8201,0.0,0.0,12.455,22.786,3.370,19.119,211406.03,236741.00,217.6,1115,0,7.503,2.722,20.035,21.454
2026-06-05T18:20:58,87.0,12.503,0.026,71,3344403,8201,0.0,0.0,12.455,22.786,3.370,19.119,211406.03,236741.00,217.6,1115,0,7.761,2.712,20.456,22.318
2026-06-05T18:20:59,87.0,12.553,0.027,71,3344403,8201,0.0,0.0,12.455,22.786,3.370,19.119,211406.03,236741.00,217.6,1115,0,7.564,2.734,20.128,21.124
2026-06-05T18:21:00,87.0,12.348,0.029,71,3344403,8201,0.0,0.0,12.455,22.786,3.370,19.119,211406.03,236741.00,217.6,1115,0,7.602,2.698,20.177,23.845
2026-06-05T18:21:01,88.0,14.009,0.031,71,3344403,8201,0.0,0.0,12.455,22.786,3.370,19.119,211406.03,236741.00,217.6,1115,0,7.282,2.631,19.404,21.957
2026-06-05T18:21:02,91.0,12.332,0.028,71,3344403,8201,0.0,0.0,12.455,22.786,3.370,19.119,211406.03,236741.00,217.6,1115,0,7.324,2.666,19.577,20.364
2026-06-05T18:21:03,90.0,11.594,0.025,71,3344403,8201,0.0,0.0,12.455,22.786,3.370,19.119,211406.03,236741.00,217.6,1115,0,7.190,2.667,19.299,21.565
2026-06-05T18:21:04,89.0,13.310,0.026,71,3344403,8201,0.0,0.0,12.455,22.786,3.370,19.119,211406.03,236741.00,217.6,1115,0,7.782,2.624,20.440,22.294
2026-06-05T18:21:05,86.0,12.931,0.035,71,3344403,8201,0.0,0.0,12.455,22.786,3.370,19.119,211406.03,236741.00,217.6,1115,0,7.551,2.634,19.984,20.783
2026-06-05T18:21:06,89.0,12.055,0.030,71,3344403,8201,0.0,0.0,12.455,22.786,3.370,19.119,211406.03,236741.00,217.6,1115,0,7.542,2.646,19.994,21.408
2026-06-05T18:21:07,88.0,12.176,0.025,71,3344403,8201,0.0,0.0,12.455,22.786,3.370,19.119,211406.03,236741.00,217.6,1115,0,7.472,2.708,19.923,25.356
2026-06-05T18:21:08,89.0,14.321,0.029,71,3344403,8201,0.0,0.0,12.455,22.786,3.370,19.119,211406.03,236741.00,217.6,1115,0,7.349,2.656,19.620,21.067
2026-06-05T18:21:09,89.0,12.574,0.029,71,3344403,8201,0.0,0.0,12.455,22.786,3.370,19.119,211406.03,236741.00,217.6,1115,0,7.628,2.641,20.173,22.828
2026-06-05T18:21:10,88.0,13.118,0.028,71,3344403,8201,0.0,0.0,12.455,22.786,3.370,19.119,211406.03,236741.00,217.6,1115,0,7.485,2.631,19.862,20.150
2026-06-05T18:21:11,89.0,11.884,0.026,71,3344403,8201,0.0,0.0,12.455,22.786,3.370,19.119,211406.03,236741.00,217.6,1115,0,7.463,2.674,19.889,20.872
2026-06-05T18:21:12,89.0,11.913,0.048,71,3344403,8201,0.0,0.0,12.455,22.786,3.370,19.119,211406.03,236741.00,217.6,1115,0,7.539,2.717,20.134,21.696
2026-06-05T18:21:13,87.0,12.184,0.026,71,3344403,8201,0.0,0.0,12.455,22.786,3.370,19.119,211406.03,236741.00,217.6,1115,0,7.492,2.691,20.021,20.790
2026-06-05T18:21:14,88.0,11.918,0.027,71,3344403,8201,0.0,0.0,12.455,22.786,3.370,19.119,211406.03,236741.00,217.6,1115,0,7.586,2.624,20.062,21.542
2026-06-05T18:21:15,88.0,12.636,0.024,71,3344403,8201,0.0,0.0,12.455,22.786,3.370,19.119,211406.03,236741.00,217.6,1115,0,7.831,2.684,20.568,23.284
2026-06-05T18:21:16,86.0,13.206,0.035,71,3344403,8201,0.0,0.0,12.455,22.786,3.370,19.119,211406.03,236741.00,217.6,1115,0,7.542,2.698,20.081,22.570
2026-06-05T18:21:17,88.0,12.549,0.031,71,3344403,8201,0.0,0.0,12.455,22.786,3.370,19.119,211406.03,236741.00,217.6,1115,0,8.099,2.656,21.101,22.379
2026-06-05T18:21:18,81.0,13.033,0.154,71,3344403,8201,0.0,0.0,12.455,22.786,3.370,19.119,211406.03,236741.00,217.6,1115,0,8.537,2.666,22.012,23.290
2026-06-05T18:21:19,81.0,13.522,0.031,71,3344403,8201,0.0,0.0,12.455,22.786,3.370,19.119,211406.03,236741.00,217.6,1115,0,8.477,2.719,21.946,23.467
2026-06-05T18:21:20,81.0,13.618,0.026,71,3344403,8201,0.0,0.0,12.455,22.786,3.370,19.119,211406.03,236741.00,217.6,1115,0,8.525,2.712,22.089,23.978
2026-06-05T18:21:21,80.0,13.255,0.030,71,3344403,8201,0.0,0.0,12.455,22.786,3.370,19.119,211406.03,236741.00,217.6,1115,0,8.570,2.669,22.135,22.925
2026-06-05T18:21:22,83.0,12.464,0.026,71,3344403,8201,0.0,0.0,12.455,22.786,3.370,19.119,211406.03,236741.00,217.6,1115,0,8.167,2.721,21.326,21.684
2026-06-05T18:21:23,85.0,12.910,0.028,71,3344403,8201,0.0,0.0,12.455,22.786,3.370,19.119,211406.03,236741.00,217.6,1115,0,7.771,2.709,20.570,22.358
2026-06-05T18:21:24,78.0,54.259,0.033,71,3344403,8201,16.9,299.9,12.579,22.786,3.500,19.119,212828.21,283957.66,217.6,1115,0,8.602,2.714,22.179,25.407
2026-06-05T18:21:25,78.0,15.877,0.029,71,3344409,8201,1.0,0.0,12.579,22.786,3.490,19.119,212828.21,283957.66,217.6,1115,0,8.446,2.875,22.267,25.951
2026-06-05T18:21:26,77.0,52.147,0.027,71,3344017,8200,17.9,306.6,12.577,22.786,2.940,5.358,214266.90,285362.34,217.6,1115,0,8.272,2.644,21.475,23.079
2026-06-05T18:21:27,80.0,15.160,0.025,71,3344023,8200,0.0,0.0,12.577,22.786,2.940,5.358,214266.90,285362.34,217.6,1115,0,9.399,2.249,22.999,27.053
2026-06-05T18:21:28,81.0,12.846,0.027,71,3344017,8200,0.0,0.0,12.577,22.786,2.940,5.358,214266.90,285362.34,217.6,1115,0,8.531,2.678,22.047,22.587
2026-06-05T18:21:30,77.0,55.431,0.277,68,3343417,8199,17.8,298.8,12.689,23.601,2.983,8.286,215764.41,288877.00,217.5,1112,0,8.308,2.752,21.974,24.556
2026-06-05T18:21:31,82.0,14.524,0.115,68,3343423,8199,0.0,0.0,12.689,23.601,2.983,8.286,215764.41,288877.00,217.5,1112,0,8.048,2.562,21.561,24.505
2026-06-05T18:21:32,82.0,14.524,0.115,112,3344393,8199,9.3,164.9,12.689,23.601,2.715,8.286,215764.41,288877.00,256.4,2888,0,7.357,2.651,20.234,22.690
2026-06-05T18:21:33,6.0,11.865,0.024,112,3344397,8199,0.0,0.0,12.582,23.601,2.715,8.286,217285.90,291499.66,247.0,2888,0,6.405,2.731,18.819,20.614
2026-06-05T18:21:34,92.0,13.900,0.029,112,3344395,8199,16.9,299.1,12.937,24.079,2.671,8.286,218814.11,292784.34,247.0,2888,0,7.177,2.710,19.789,22.812
2026-06-05T18:21:35,85.0,56.735,0.086,112,3344401,8199,0.0,0.0,12.937,24.079,2.671,8.286,218814.11,292784.34,247.0,2888,0,7.867,2.711,21.126,21.990
2026-06-05T18:21:36,84.0,15.456,0.027,68,3170617,7749,477.6,321.6,12.901,24.079,0.004,0.014,220375.92,294608.00,215.5,1112,0,7.859,2.747,21.214,24.443
2026-06-05T18:21:37,78.0,51.340,0.028,71,3170841,7749,9.0,165.8,12.901,24.079,0.306,2.858,220375.92,294608.00,220.7,1115,0,7.884,2.775,21.074,23.793
2026-06-05T18:21:38,83.0,14.408,0.316,68,3170621,7749,32.9,585.8,13.134,24.079,1.488,4.746,225019.23,295712.66,216.1,1112,0,7.743,2.689,20.826,31.629
2026-06-05T18:21:39,76.0,55.751,0.111,68,3170623,7749,0.0,0.0,13.134,24.079,1.488,4.746,225019.23,295712.66,216.1,1112,0,6.564,2.810,19.217,20.791
2026-06-05T18:21:40,90.0,13.589,0.026,68,3170617,7749,16.9,301.7,12.968,24.079,2.055,4.798,228097.83,297139.66,215.5,1112,0,6.677,2.776,18.780,21.450
2026-06-05T18:21:41,89.0,48.676,0.084,68,3170623,7749,14.9,263.6,12.968,24.079,2.287,4.918,228097.83,297139.66,223.5,1112,0,6.511,2.816,19.726,45.740
2026-06-05T18:21:42,89.0,37.969,0.110,68,3170623,7749,0.0,0.0,12.968,24.079,2.287,4.918,228097.83,297139.66,223.5,1112,0,6.661,2.768,18.469,20.078
2026-06-05T18:21:43,94.0,11.626,0.099,68,3170617,7749,32.9,568.1,13.408,28.747,2.346,5.174,232721.44,299157.00,215.5,1112,0,7.238,2.776,19.369,23.709
2026-06-05T18:21:44,78.0,58.602,0.151,68,3170623,7749,15.9,282.2,13.464,28.747,2.509,6.780,234249.67,299157.00,215.5,1112,0,7.070,2.774,19.701,23.062
2026-06-05T18:21:45,85.0,55.132,0.145,68,3170623,7749,16.0,284.5,13.648,28.747,2.912,6.780,235791.49,300494.66,215.5,1112,0,7.364,2.806,19.956,21.533
2026-06-05T18:21:46,85.0,53.231,0.108,68,3170623,7749,15.8,281.5,13.798,28.747,3.390,7.397,237326.49,300814.34,215.5,1112,0,7.091,2.916,19.599,21.693
2026-06-05T18:21:47,85.0,66.647,0.147,68,3170623,7749,15.9,282.1,13.813,28.747,3.419,7.397,238871.05,301787.00,215.5,1112,0,8.192,2.777,22.659,25.716
2026-06-05T18:21:48,76.0,52.736,0.116,84,3171907,7749,0.0,0.0,13.813,28.747,3.419,7.397,238871.05,301787.00,215.5,1112,0,7.142,2.806,20.061,22.471
2026-06-05T18:21:49,87.0,12.955,0.465,85,3171903,7749,15.9,283.3,13.851,28.747,3.285,7.397,240418.87,303016.66,215.5,1112,0,7.410,2.691,19.642,24.115
2026-06-05T18:21:50,83.0,59.992,0.104,85,3171909,7749,15.9,282.3,14.034,28.747,2.832,7.397,241949.47,303797.34,215.5,1112,0,7.423,2.780,20.222,27.805
2026-06-05T18:21:51,84.0,52.926,0.028,82,3171759,7749,15.8,281.6,14.295,28.747,2.818,6.447,243481.86,304209.00,215.5,1112,0,7.554,2.737,20.141,22.503
2026-06-05T18:21:52,85.0,33.299,0.123,82,3171759,7749,9.9,171.0,14.295,28.747,2.783,6.447,243481.86,304209.00,220.6,1112,0,7.204,2.651,21.008,43.889
2026-06-05T18:21:53,80.0,54.339,0.571,68,3170623,7749,16.9,301.9,14.402,28.747,2.753,7.233,246586.35,305731.66,215.5,1112,0,7.447,2.670,20.501,23.381
2026-06-05T18:21:54,84.0,51.371,0.114,68,3170623,7749,15.9,283.0,14.463,28.747,2.673,7.233,248137.81,306727.00,215.5,1112,0,7.616,2.795,20.248,24.046
2026-06-05T18:21:55,86.0,12.901,0.153,68,3170623,7749,8.9,165.3,14.463,28.747,2.583,7.233,248137.81,306727.00,220.6,1112,0,7.709,2.752,20.534,22.655
2026-06-05T18:21:56,80.0,47.741,0.333,68,3170621,7749,17.0,302.5,14.659,28.747,2.283,7.233,251278.54,308143.66,215.5,1112,0,7.984,2.630,20.843,30.371
2026-06-05T18:21:57,89.0,13.702,0.087,68,3170623,7749,1.0,17.8,14.659,28.747,2.305,7.233,251278.54,308143.66,216.1,1112,0,7.473,2.716,20.095,23.598
2026-06-05T18:21:58,84.0,51.186,0.027,68,3170619,7749,17.0,302.5,14.634,28.747,2.242,4.615,254438.53,309572.00,215.5,1112,0,7.530,2.700,19.727,22.427
2026-06-05T18:21:59,91.0,12.422,0.028,68,3170623,7749,0.0,0.0,14.634,28.747,2.242,4.615,254438.53,309572.00,215.5,1112,0,7.078,2.757,19.068,21.621
2026-06-05T18:22:01,79.0,63.688,0.028,68,3171001,7750,15.9,282.4,14.754,28.747,2.625,7.266,256007.47,310413.34,215.5,1112,0,7.909,2.773,20.903,22.762
2026-06-05T18:22:02,85.0,55.123,0.025,68,3171007,7750,16.0,284.1,14.956,28.747,2.561,7.266,257591.89,311090.00,215.5,1112,0,7.101,2.787,19.367,21.685
2026-06-05T18:22:03,89.0,12.909,0.037,68,3171007,7750,15.4,273.8,15.056,28.747,2.687,7.266,259187.87,312648.66,215.5,1112,0,7.638,2.712,20.198,23.184
2026-06-05T18:22:04,88.0,52.787,0.028,68,3171007,7750,0.0,0.0,15.056,28.747,2.687,7.266,259187.87,312648.66,215.5,1112,0,7.312,2.805,19.615,22.972
2026-06-05T18:22:05,82.0,46.212,0.023,68,3171001,7750,16.9,288.6,15.070,28.747,2.550,6.841,260797.99,314155.34,215.5,1112,0,7.538,2.710,20.557,49.398
2026-06-05T18:22:06,91.0,12.455,0.030,68,3171007,7750,0.0,0.0,15.070,28.747,2.550,6.841,260797.99,314155.34,215.5,1112,0,7.072,2.737,19.071,21.824
2026-06-05T18:22:07,89.0,54.585,0.025,68,3171001,7750,15.8,281.7,15.390,28.747,2.527,7.314,262404.58,315742.00,215.5,1112,0,7.028,2.686,18.857,20.648
2026-06-05T18:22:08,89.0,13.060,0.026,68,3171007,7750,1.0,18.0,15.390,28.747,2.567,7.314,262404.58,315742.00,216.1,1112,0,6.965,2.778,19.006,20.339
2026-06-05T18:22:09,99.0,11.735,0.023,68,3171003,7750,0.0,0.0,15.390,28.747,2.567,7.314,262404.58,315742.00,216.1,1112,0,6.439,2.690,17.708,19.019
2026-06-05T18:22:10,86.0,57.437,0.026,68,3170617,7749,17.8,300.3,15.654,28.747,2.703,7.314,265680.26,318127.66,215.5,1112,0,7.284,2.760,19.176,22.710
2026-06-05T18:22:11,91.0,12.654,0.027,68,3170623,7749,3.0,55.0,15.654,28.747,2.796,7.314,265680.26,318127.66,217.2,1112,0,7.073,2.754,19.157,21.377
2026-06-05T18:22:12,79.0,69.446,0.026,68,3170619,7749,15.9,282.6,15.897,28.747,2.642,7.314,268964.51,319312.00,215.5,1112,0,8.426,2.718,21.795,28.781
2026-06-05T18:22:13,84.0,52.071,0.026,68,3170239,7748,16.8,281.7,16.048,28.747,2.560,6.488,270606.58,319504.34,215.5,1112,0,7.628,2.685,20.116,22.443
2026-06-05T18:22:14,86.0,51.556,0.027,68,3170239,7748,15.9,283.2,16.200,28.747,2.461,6.774,272266.59,320786.00,215.5,1112,0,7.014,2.701,18.757,22.792
2026-06-05T18:22:15,93.0,13.510,0.026,68,3170239,7748,1.0,18.0,16.200,28.747,2.479,6.774,272266.59,320786.00,216.1,1112,0,7.079,2.682,19.044,24.296
2026-06-05T18:22:16,87.0,47.846,0.023,68,3170235,7748,16.8,300.1,16.023,28.747,2.224,6.774,275626.35,322477.66,215.5,1112,0,7.120,2.726,19.022,21.356
2026-06-05T18:22:17,82.0,54.938,0.027,68,3170239,7748,16.8,287.1,16.261,28.747,2.281,6.774,277291.78,322746.00,215.5,1112,0,7.451,2.676,20.887,49.186
2026-06-05T18:22:18,87.0,52.781,0.026,68,3169855,7747,17.0,284.3,16.337,28.747,2.253,5.016,278973.31,323480.66,215.5,1112,0,7.075,2.699,18.881,23.753
2026-06-05T18:22:19,90.0,20.669,0.025,68,3169855,7747,20.6,351.9,16.374,28.747,2.110,4.568,282331.88,324299.34,215.5,1112,0,7.429,2.738,19.544,25.629
2026-06-05T18:22:20,82.0,72.544,0.026,68,3169855,7747,0.0,0.0,16.374,28.747,2.110,4.568,282331.88,324299.34,215.5,1112,0,7.285,2.917,19.814,22.443
2026-06-05T18:22:21,85.0,56.682,0.023,68,3169465,7746,16.9,282.1,16.605,28.747,2.176,4.568,284018.42,325013.66,215.5,1112,0,6.855,2.725,18.695,20.443
2026-06-05T18:22:22,98.0,12.146,0.023,68,3169855,7747,15.8,281.4,16.918,28.747,2.254,5.900,285708.35,326362.34,215.5,1112,0,6.709,2.686,18.273,22.811
2026-06-05T18:22:23,81.0,57.369,0.103,68,3169471,7746,17.0,284.4,17.104,28.747,2.319,5.900,287399.53,326363.00,215.5,1112,0,6.857,2.788,19.987,22.442
2026-06-05T18:22:24,90.0,13.414,0.852,82,3170223,7745,16.8,280.9,17.299,28.747,2.388,5.900,289107.40,327798.66,215.5,1112,0,7.007,2.727,19.290,23.209
2026-06-05T18:22:25,87.0,54.440,0.027,82,3170223,7745,0.0,0.0,17.299,28.747,2.388,5.900,289107.40,327798.66,215.5,1112,0,6.782,2.754,18.908,20.386
2026-06-05T18:22:26,92.0,11.622,0.054,84,3170365,7745,16.0,284.0,17.507,28.747,2.357,4.821,290844.79,329376.34,215.5,1112,0,6.789,2.726,19.102,23.877
2026-06-05T18:22:27,86.0,54.696,0.447,84,3170371,7745,0.0,0.0,17.507,28.747,2.357,4.821,290844.79,329376.34,215.5,1112,0,6.892,2.716,19.448,21.260
2026-06-05T18:22:28,90.0,11.931,0.026,84,3170365,7745,0.0,0.0,17.507,28.747,2.357,4.821,290844.79,329376.34,215.5,1112,0,7.409,2.680,19.585,21.056
2026-06-05T18:22:29,88.0,51.158,0.223,84,3170365,7745,15.9,283.0,17.702,28.747,2.351,4.972,292593.84,331623.00,215.5,1112,0,7.182,2.717,19.323,22.244
2026-06-05T18:22:30,85.0,53.647,0.030,84,3170371,7745,17.0,289.8,17.934,28.747,2.348,4.972,294358.87,332511.66,215.5,1112,0,7.184,2.596,20.613,46.815
2026-06-05T18:22:31,84.0,54.195,0.105,82,3170223,7745,15.9,282.6,18.112,28.747,2.218,4.972,296134.21,332860.34,215.5,1112,0,6.969,2.769,19.429,23.081
2026-06-05T18:22:32,90.0,13.095,0.268,82,3170223,7745,1.0,17.9,18.112,28.747,2.269,5.395,296134.21,332860.34,216.1,1112,0,7.666,2.556,20.235,23.638
2026-06-05T18:22:33,90.0,12.058,0.029,82,3170219,7745,15.9,282.7,18.103,28.747,2.184,5.395,299671.57,334978.00,215.5,1112,0,7.221,2.724,19.320,24.335
2026-06-05T18:22:34,84.0,48.084,0.031,82,3169839,7744,1.0,0.0,18.103,28.747,2.189,5.395,299671.57,334978.00,215.5,1112,0,7.853,2.608,20.335,22.923
2026-06-05T18:22:35,85.0,27.703,0.027,82,3169833,7744,4.0,72.5,18.011,28.747,2.327,5.395,301438.24,336108.34,216.6,1112,0,7.447,2.705,19.803,22.120
2026-06-05T18:22:36,92.0,13.269,0.026,82,3169835,7744,0.0,0.0,18.011,28.747,2.327,5.395,301438.24,336108.34,216.6,1112,0,7.045,2.757,19.092,20.301
2026-06-05T18:22:37,90.0,12.161,0.030,82,3169833,7744,0.0,0.0,18.011,28.747,2.327,5.395,301438.24,336108.34,216.6,1112,0,6.993,2.760,19.000,19.832
2026-06-05T18:22:38,92.0,12.401,0.028,82,3169833,7744,15.6,277.2,17.849,28.747,2.286,5.395,303222.34,339263.00,224.2,1112,0,7.533,2.607,19.811,22.397
2026-06-05T18:22:39,82.0,52.449,0.032,82,3169839,7744,0.0,0.0,17.879,28.747,2.286,5.395,304953.64,339263.00,215.5,1112,0,8.099,2.336,20.522,23.092
2026-06-05T18:22:40,90.0,19.129,0.110,82,3169449,7743,30.1,527.2,18.291,32.366,2.780,5.297,308353.11,340539.34,215.5,1112,0,7.322,2.782,19.712,22.043
2026-06-05T18:22:41,80.0,64.967,0.027,82,3169455,7743,0.0,0.0,18.291,32.366,2.780,5.297,308353.11,340539.34,215.5,1112,0,7.362,2.707,19.680,21.145
2026-06-05T18:22:42,89.0,21.381,0.030,82,3168681,7741,17.8,281.6,18.466,32.366,2.727,5.021,310051.60,341627.66,215.5,1112,0,7.497,2.726,19.812,23.984
2026-06-05T18:22:43,84.0,55.495,0.030,82,3168687,7741,16.2,277.0,18.634,32.366,3.060,4.947,311748.82,342660.34,215.5,1112,0,7.387,2.643,20.665,41.835
2026-06-05T18:22:44,84.0,63.800,0.029,82,3168687,7741,0.0,0.0,18.634,32.366,3.060,4.947,311748.82,342660.34,215.5,1112,0,7.372,2.714,19.732,27.379
2026-06-05T18:22:45,87.0,15.709,0.027,82,3167913,7739,17.9,283.4,18.623,32.366,2.606,6.269,313442.11,344079.00,215.5,1112,0,7.650,2.746,20.169,26.337
2026-06-05T18:22:46,85.0,53.493,0.027,82,3167919,7739,0.0,0.0,18.623,32.366,2.606,6.269,313442.11,344079.00,215.5,1112,0,7.351,2.758,19.739,20.152
2026-06-05T18:22:47,90.0,12.595,0.029,82,3167913,7739,15.9,281.9,18.626,32.366,3.051,6.857,315145.68,345769.66,215.5,1112,0,7.180,2.696,19.297,26.483
2026-06-05T18:22:48,86.0,54.077,0.027,82,3168303,7740,15.9,282.0,18.676,32.366,3.111,7.830,316125.69,346678.34,215.5,1112,0,7.161,2.788,19.401,23.435
2026-06-05T18:22:49,85.0,55.832,0.029,82,3168303,7740,0.0,0.0,18.676,32.366,3.111,7.830,316125.69,346678.34,215.5,1112,0,7.748,2.734,20.486,22.502
2026-06-05T18:22:50,83.0,53.297,0.032,82,3935915,9739,17.9,1012.6,18.749,32.366,3.150,16.382,317101.64,347823.00,223.3,1112,0,8.927,2.672,22.589,30.029
2026-06-05T18:22:51,65.0,80.002,0.031,82,3935925,9739,19.7,355.5,18.899,33.200,3.665,16.382,318030.20,348304.66,225.0,1112,0,10.577,2.797,26.503,31.380
2026-06-05T18:22:52,67.0,17.395,0.031,82,3935923,9739,20.0,360.1,19.067,33.200,3.168,16.382,318937.71,349580.34,225.0,1112,0,10.958,2.841,27.316,34.931
2026-06-05T18:22:53,65.0,72.390,0.030,82,3935923,9739,0.0,0.0,19.067,33.200,3.168,16.382,318937.71,349580.34,225.0,1112,0,10.288,2.750,25.868,27.655
2026-06-05T18:22:54,68.0,16.487,0.029,82,3935917,9739,0.0,0.0,19.067,33.200,3.168,16.382,318937.71,349580.34,225.0,1112,0,11.003,2.738,27.323,29.617
2026-06-05T18:22:55,67.0,15.916,0.031,82,3935917,9739,0.0,0.0,19.067,33.200,3.168,16.382,318937.71,349580.34,225.0,1112,0,10.773,2.782,26.926,29.226
2026-06-05T18:22:56,67.0,16.388,0.032,82,3935917,9739,0.0,0.0,19.067,33.200,3.168,16.382,318937.71,349580.34,225.0,1112,0,10.777,2.624,26.588,27.720
2026-06-05T18:22:57,69.0,15.239,0.029,82,3935917,9739,0.0,0.0,19.067,33.200,3.168,16.382,318937.71,349580.34,225.0,1112,0,10.616,2.621,26.307,29.351
2026-06-05T18:22:58,69.0,17.896,0.026,82,3935917,9739,0.0,0.0,19.067,33.200,3.168,16.382,318937.71,349580.34,225.0,1112,0,10.537,2.626,26.723,34.457
2026-06-05T18:22:59,67.0,18.988,0.118,82,3935917,9739,0.0,0.0,19.067,33.200,3.168,16.382,318937.71,349580.34,225.0,1112,0,11.780,2.803,29.361,35.259
2026-06-05T18:23:00,58.0,18.461,0.091,82,3935917,9739,0.0,0.0,19.067,33.200,3.168,16.382,318937.71,349580.34,225.0,1112,0,12.868,2.846,31.496,34.365
2026-06-05T18:23:01,61.0,20.035,0.119,82,3935917,9739,0.0,0.0,19.067,33.200,3.168,16.382,318937.71,349580.34,225.0,1112,0,11.373,2.723,28.203,33.752
2026-06-05T18:23:02,66.0,16.963,0.085,82,3935917,9739,0.0,0.0,19.067,33.200,3.168,16.382,318937.71,349580.34,225.0,1112,0,11.080,2.680,27.480,28.837
2026-06-05T18:23:03,66.0,16.392,0.112,82,3935917,9739,0.0,0.0,19.067,33.200,3.168,16.382,318937.71,349580.34,225.0,1112,0,10.865,2.726,27.343,29.858
2026-06-05T18:23:04,67.0,15.565,0.127,82,3935917,9739,0.0,0.0,19.067,33.200,3.168,16.382,318937.71,349580.34,225.0,1112,0,11.170,2.670,27.564,31.135
2026-06-05T18:23:05,62.0,22.255,0.142,82,3935917,9739,0.0,0.0,19.067,33.200,3.168,16.382,318937.71,349580.34,225.0,1112,0,14.204,3.281,35.529,43.858
2026-06-05T18:23:06,47.0,23.197,1.000,68,3934781,9739,0.0,0.0,19.067,33.200,3.168,16.382,318937.71,349580.34,225.0,1112,0,11.786,2.867,30.254,42.509
2026-06-05T18:23:07,66.0,15.907,0.105,68,3934781,9739,0.0,0.0,19.067,33.200,3.168,16.382,318937.71,349580.34,225.0,1112,0,10.288,2.755,26.473,28.012
2026-06-05T18:23:08,68.0,15.798,0.135,71,3934997,9739,0.0,0.0,19.067,33.200,3.168,16.382,318937.71,349580.34,225.1,1115,0,11.112,2.690,27.649,29.300
2026-06-05T18:23:09,66.0,17.385,0.101,68,3934781,9739,0.0,0.0,19.067,33.200,3.168,16.382,318937.71,349580.34,225.0,1112,0,11.154,2.662,27.573,27.829
2026-06-05T18:23:10,67.0,19.784,0.304,68,3934781,9739,0.0,0.0,19.067,33.200,3.168,16.382,318937.71,349580.34,225.0,1112,0,10.560,2.726,27.116,37.049
2026-06-05T18:23:11,66.0,15.764,0.174,68,3934781,9739,0.0,0.0,19.067,33.200,3.168,16.382,318937.71,349580.34,225.0,1112,0,10.761,2.686,27.630,29.749
2026-06-05T18:23:12,66.0,16.274,0.092,68,3934781,9739,0.0,0.0,19.067,33.200,3.168,16.382,318937.71,349580.34,225.0,1112,0,10.468,2.690,26.918,28.067
2026-06-05T18:23:13,68.0,15.729,0.155,68,3934781,9739,0.0,0.0,19.067,33.200,3.168,16.382,318937.71,349580.34,225.0,1112,0,11.437,2.702,28.892,33.959
2026-06-05T18:23:14,59.0,19.428,0.133,59,3933623,9739,0.0,0.0,19.067,33.200,3.168,16.382,318937.71,349580.34,225.0,1112,0,13.289,2.927,33.327,36.869
2026-06-05T18:23:15,57.0,22.021,0.368,59,3933623,9739,0.0,0.0,19.067,33.200,3.168,16.382,318937.71,349580.34,225.0,1112,0,11.363,2.688,28.247,37.881
2026-06-05T18:23:16,63.0,18.662,0.074,59,3933623,9739,0.0,0.0,19.067,33.200,3.168,16.382,318937.71,349580.34,225.0,1112,0,12.140,2.916,29.966,34.005
2026-06-05T18:23:17,64.0,17.078,0.164,59,3933623,9739,0.0,0.0,19.067,33.200,3.168,16.382,318937.71,349580.34,225.0,1112,0,10.126,2.713,25.487,27.891
2026-06-05T18:23:18,71.0,14.466,0.125,59,3933623,9739,0.0,0.0,19.067,33.200,3.168,16.382,318937.71,349580.34,225.0,1112,0,10.188,2.619,25.404,27.983
2026-06-05T18:23:19,71.0,15.462,0.107,59,3933623,9739,0.0,0.0,19.067,33.200,3.168,16.382,318937.71,349580.34,225.0,1112,0,10.194,2.784,25.678,28.923
2026-06-05T18:23:20,70.0,16.097,0.107,59,3933623,9739,0.0,0.0,19.067,33.200,3.168,16.382,318937.71,349580.34,225.0,1112,0,10.332,2.623,25.738,30.872
2026-06-05T18:23:21,71.0,18.196,0.101,59,3933621,9739,0.0,0.0,19.067,33.200,3.168,16.382,318937.71,349580.34,225.0,1112,0,9.685,2.715,24.584,25.690
2026-06-05T18:23:22,73.0,14.861,0.155,59,3933621,9739,0.0,0.0,19.067,33.200,3.168,16.382,318937.71,349580.34,225.0,1112,0,8.986,2.646,23.349,27.108
2026-06-05T18:23:23,78.0,13.685,0.082,59,3933621,9739,0.0,0.0,19.067,33.200,3.168,16.382,318937.71,349580.34,225.0,1112,0,8.604,2.693,22.267,24.411
2026-06-05T18:23:24,80.0,13.487,0.088,59,3933621,9739,0.0,0.0,19.067,33.200,3.168,16.382,318937.71,349580.34,225.0,1112,0,8.699,2.602,22.340,23.981
2026-06-05T18:23:25,80.0,13.702,0.163,59,3933621,9739,0.0,0.0,19.067,33.200,3.168,16.382,318937.71,349580.34,225.0,1112,0,8.674,2.671,22.308,24.498
2026-06-05T18:23:26,78.0,13.748,0.091,59,3933621,9739,0.0,0.0,19.067,33.200,3.168,16.382,318937.71,349580.34,225.0,1112,0,9.739,2.673,24.586,31.151
2026-06-05T18:23:27,74.0,16.857,0.178,59,3933621,9739,0.0,0.0,19.067,33.200,3.168,16.382,318937.71,349580.34,225.0,1112,0,9.447,2.625,23.962,24.736
2026-06-05T18:23:28,75.0,13.671,0.176,59,3933621,9739,0.0,0.0,19.067,33.200,3.168,16.382,318937.71,349580.34,225.0,1112,0,9.344,2.564,23.829,24.306
2026-06-05T18:23:29,75.0,13.729,0.087,59,3933623,9739,0.0,0.0,19.067,33.200,3.168,16.382,318937.71,349580.34,225.0,1112,0,10.185,2.741,26.489,32.606
2026-06-05T18:23:30,68.0,25.218,0.104,59,3933621,9739,19.9,359.3,19.097,33.200,3.318,16.382,320410.47,387041.00,225.0,1112,0,9.136,2.698,23.462,25.603
2026-06-05T18:23:31,73.0,63.245,0.026,59,3933625,9739,19.8,356.5,19.356,33.200,2.766,8.018,321873.67,388252.66,225.0,1112,0,9.676,2.660,24.409,26.555
2026-06-05T18:23:32,70.0,69.949,0.039,59,3933627,9739,0.0,0.0,19.356,33.200,2.766,8.018,321873.67,388252.66,225.0,1112,0,10.090,2.707,25.285,32.051
2026-06-05T18:23:33,71.0,18.594,0.025,59,3933621,9739,0.0,0.0,19.356,33.200,2.766,8.018,321873.67,388252.66,225.0,1112,0,10.384,2.695,25.920,29.192
2026-06-05T18:23:34,70.0,15.641,0.025,59,3933621,9739,19.8,357.0,19.473,33.200,2.779,8.018,323359.47,390804.34,225.0,1112,0,10.488,2.685,25.946,29.154
2026-06-05T18:23:35,67.0,69.859,0.024,59,3933627,9739,0.0,0.0,19.473,33.200,2.779,8.018,323359.47,390804.34,225.0,1112,0,10.246,2.639,25.486,28.416
2026-06-05T18:23:36,70.0,16.288,0.024,59,3933621,9739,0.0,0.0,19.473,33.200,2.779,8.018,323359.47,390804.34,225.0,1112,0,10.076,2.680,25.242,26.685
2026-06-05T18:23:37,72.0,15.337,0.024,59,3933619,9739,20.9,364.5,19.486,33.200,2.627,8.018,324885.66,393099.00,225.0,1112,0,9.809,2.731,25.483,60.816
2026-06-05T18:23:38,66.0,60.947,0.024,59,3933627,9739,0.0,0.0,19.486,33.200,2.627,8.018,324885.66,393099.00,225.0,1112,0,10.849,2.524,26.491,30.513
2026-06-05T18:23:39,69.0,17.172,0.066,59,3933619,9739,0.0,0.0,19.486,33.200,2.627,8.018,324885.66,393099.00,225.0,1112,0,9.702,2.649,24.414,26.835
2026-06-05T18:23:40,74.0,15.126,0.024,59,3933619,9739,19.7,355.6,19.613,33.200,2.622,7.396,326454.71,395683.66,225.0,1112,0,9.920,2.702,24.877,26.587
2026-06-05T18:23:41,68.0,82.055,0.024,59,3933627,9739,0.0,0.0,19.613,33.200,2.622,7.396,326454.71,395683.66,225.0,1112,0,10.056,2.733,25.294,26.272
2026-06-05T18:23:42,71.0,14.661,0.027,59,3933621,9739,0.0,0.0,19.613,33.200,2.622,7.396,326454.71,395683.66,225.0,1112,0,10.192,2.674,25.438,27.686
2026-06-05T18:23:43,71.0,15.587,0.056,59,3933619,9739,19.8,356.9,19.949,33.200,2.971,9.131,328036.24,398357.34,225.0,1112,0,9.771,2.598,24.347,27.580
2026-06-05T18:23:44,71.0,66.124,0.023,59,3933241,9738,20.9,359.4,19.949,33.200,2.985,9.131,328036.24,398357.34,230.2,1112,0,9.965,2.732,25.145,33.007
2026-06-05T18:23:45,70.0,65.216,0.033,59,3933241,9738,0.0,0.0,20.111,33.200,3.067,9.131,329646.59,399895.00,225.0,1112,0,9.247,2.683,23.623,26.047
2026-06-05T18:23:46,74.0,15.795,0.028,59,3933235,9738,0.0,0.0,20.111,33.200,3.067,9.131,329646.59,399895.00,225.0,1112,0,9.732,2.583,24.390,27.441
2026-06-05T18:23:47,74.0,15.546,0.026,59,3933235,9738,20.7,373.1,19.886,33.200,3.204,9.131,332850.46,401680.66,225.0,1112,0,9.559,2.708,24.061,28.751
2026-06-05T18:23:48,70.0,72.163,0.028,59,3932859,9737,1.0,0.0,19.886,33.200,3.159,9.131,332850.46,401680.66,225.0,1112,0,10.671,2.573,26.069,28.941
2026-06-05T18:23:49,70.0,25.394,0.027,59,3932851,9737,2.0,36.2,19.886,33.200,3.199,8.575,332850.46,401680.66,226.1,1112,0,9.742,2.631,24.409,28.035
2026-06-05T18:23:50,73.0,15.604,0.027,59,3932855,9737,20.0,359.5,19.592,33.200,3.051,8.575,336126.17,404079.00,225.0,1112,0,10.718,2.625,26.127,29.302
2026-06-05T18:23:51,65.0,74.821,0.027,59,3932859,9737,19.8,357.2,19.610,33.200,2.877,8.575,337760.57,405096.34,225.0,1112,0,10.853,2.587,26.565,30.146
2026-06-05T18:23:52,65.0,66.060,0.029,59,3932859,9737,0.0,0.0,19.610,33.200,2.877,8.575,337760.57,405096.34,225.0,1112,0,11.803,2.591,28.659,36.166
2026-06-05T18:23:53,64.0,20.806,0.084,59,3932853,9737,20.0,360.2,19.800,34.926,2.386,8.575,339416.48,406793.00,225.0,1112,0,10.605,2.625,26.588,28.728
2026-06-05T18:23:54,64.0,82.688,0.027,59,3932859,9737,0.0,0.0,19.800,34.926,2.386,8.575,339416.48,406793.00,225.0,1112,0,10.578,2.647,26.148,29.477
2026-06-05T18:23:55,70.0,16.712,0.078,59,3932851,9737,21.0,365.6,19.805,34.926,2.137,5.272,341078.99,408187.66,225.0,1112,0,9.210,2.755,24.318,54.348
2026-06-05T18:23:56,70.0,58.987,0.025,59,3932859,9737,0.0,0.0,19.805,34.926,2.137,5.272,341078.99,408187.66,225.0,1112,0,10.863,2.568,26.577,29.585
2026-06-05T18:23:57,65.0,66.523,0.023,59,3932853,9737,19.9,358.0,19.947,34.926,2.312,7.548,342741.94,409445.34,225.0,1112,0,10.956,2.520,26.585,37.683
2026-06-05T18:23:58,67.0,64.452,0.023,59,3932859,9737,20.9,359.4,20.077,34.926,2.489,7.548,344413.45,410774.00,225.0,1112,0,10.473,2.686,25.634,28.162
2026-06-05T18:23:59,70.0,16.392,0.024,59,3932859,9737,0.0,0.0,20.077,34.926,2.489,7.548,344413.45,410774.00,225.0,1112,0,10.363,2.708,25.829,29.390
2026-06-05T18:24:00,70.0,64.913,0.041,59,3932851,9737,19.9,358.7,20.167,34.926,2.734,7.548,346095.57,411864.66,225.0,1112,0,10.048,2.510,24.865,27.717
2026-06-05T18:24:01,73.0,15.227,0.026,59,3932857,9737,19.8,357.6,20.167,34.926,3.104,8.908,346095.57,411864.66,236.0,1112,0,9.641,2.668,24.366,26.953
2026-06-05T18:24:02,69.0,63.598,0.029,59,3932857,9737,0.0,0.0,20.336,34.926,3.104,8.908,347776.29,413297.34,225.0,1112,0,9.967,2.728,25.157,29.725
2026-06-05T18:24:03,67.0,66.190,0.129,59,3932853,9737,19.8,357.1,20.479,34.926,3.120,8.908,349476.70,414271.00,225.0,1112,0,10.490,2.661,26.065,31.349
2026-06-05T18:24:04,67.0,17.542,0.023,59,3932859,9737,0.0,0.0,20.479,34.926,3.120,8.908,349476.70,414271.00,225.0,1112,0,10.940,2.720,26.994,31.445
2026-06-05T18:24:06,67.0,61.612,0.025,59,3932853,9737,21.8,394.1,20.203,34.926,2.871,8.908,352881.61,416540.66,225.0,1112,0,10.668,2.704,26.249,32.422
2026-06-05T18:24:07,64.0,19.297,0.027,59,3932859,9737,0.0,0.0,20.203,34.926,2.871,8.908,352881.61,416540.66,225.0,1112,0,11.267,2.620,27.559,32.984
2026-06-05T18:24:08,68.0,17.000,0.028,59,3932853,9737,3.0,54.5,20.203,34.926,2.827,8.253,352881.61,416540.66,226.7,1112,0,10.532,2.676,26.650,30.186
2026-06-05T18:24:09,63.0,66.002,0.107,59,3932855,9737,19.5,353.1,20.614,34.926,2.386,8.253,356298.56,418200.00,225.0,1112,0,10.631,2.723,26.794,34.938
2026-06-05T18:24:10,53.0,16.223,0.103,59,3932857,9737,1.0,0.0,20.614,34.926,2.353,8.253,356298.56,418200.00,225.0,1112,0,9.850,2.706,25.022,26.958
2026-06-05T18:24:11,68.0,74.057,0.098,59,3932467,9736,21.0,365.6,20.617,34.926,2.149,5.425,358023.08,419650.34,225.0,1112,0,9.994,2.650,25.805,45.198
2026-06-05T18:24:12,67.0,67.942,0.126,59,3932473,9736,20.0,360.3,20.876,34.926,2.394,5.425,359747.86,420799.00,225.0,1112,0,9.605,2.680,24.774,27.913
2026-06-05T18:24:13,67.0,18.458,0.094,59,3932475,9736,0.0,0.0,20.876,34.926,2.394,5.425,359747.86,420799.00,225.0,1112,0,11.437,2.563,27.920,32.743
2026-06-05T18:24:14,68.0,64.310,0.573,59,3932467,9736,19.8,355.9,20.934,34.926,2.361,7.529,361480.67,421989.66,225.0,1112,0,9.748,2.750,24.815,28.284
2026-06-05T18:24:15,69.0,16.078,0.123,59,3932475,9736,0.0,0.0,20.934,34.926,2.361,7.529,361480.67,421989.66,225.0,1112,0,10.586,2.696,27.072,29.383
2026-06-05T18:24:16,65.0,67.259,0.501,68,3933243,9735,20.9,358.5,21.041,34.926,2.482,7.529,363218.66,423880.34,225.0,1112,0,10.116,2.737,25.961,29.717
2026-06-05T18:24:17,70.0,15.184,1.277,83,3935041,9735,0.0,0.0,21.041,34.926,2.482,7.529,363218.66,423880.34,225.0,1112,0,10.354,2.495,26.101,30.368
2026-06-05T18:24:19,70.0,15.184,1.277,127,3935977,9735,1.1,19.4,21.041,34.926,2.625,7.961,363218.66,423880.34,261.4,3224,0,10.258,2.578,26.204,30.368
2026-06-05T18:24:20,45.0,70.221,0.282,112,3934189,9735,39.8,716.7,21.401,34.926,2.253,8.328,368424.07,427171.00,260.1,3224,0,10.099,2.697,47.778,1396.218
2026-06-05T18:24:21,68.0,16.805,0.365,112,3933823,9734,1.0,0.0,21.401,34.926,2.285,8.328,368424.07,427171.00,260.0,3220,0,10.597,2.640,27.022,29.561
2026-06-05T18:24:22,64.0,75.081,0.113,68,3851835,9523,563.5,728.9,21.390,34.926,0.002,0.004,370156.06,428682.00,235.0,1112,0,9.501,2.720,24.993,28.002
2026-06-05T18:24:23,68.0,54.465,0.413,59,3742395,9241,0.0,0.0,21.520,34.926,0.002,0.004,371867.57,428848.66,222.7,1112,0,9.344,2.807,24.694,26.857
2026-06-05T18:24:24,68.0,64.588,0.169,59,3742387,9241,38.9,684.9,21.612,34.926,1.363,4.708,373599.43,429851.34,233.1,1112,0,9.605,2.846,25.756,56.711
2026-06-05T18:24:25,63.0,76.896,0.091,59,3742777,9242,18.8,337.2,21.768,34.926,2.007,4.708,377036.89,430186.00,222.7,1112,0,9.741,2.703,25.215,56.711
2026-06-05T18:24:26,75.0,18.156,0.085,59,3742777,9242,18.8,336.7,22.085,34.926,2.393,4.907,378738.40,431374.34,222.7,1112,0,8.757,2.811,23.114,27.766
2026-06-05T18:24:27,73.0,64.155,0.086,59,3742777,9242,0.0,0.0,22.085,34.926,2.393,4.907,378738.40,431374.34,222.7,1112,0,8.712,2.793,22.906,24.466
2026-06-05T18:24:28,79.0,13.467,0.483,59,3742771,9242,0.0,0.0,22.085,34.926,2.393,4.907,378738.40,431374.34,222.7,1112,0,8.690,2.745,22.694,24.269
2026-06-05T18:24:29,74.0,65.541,0.265,59,3742771,9242,18.8,337.5,22.300,34.926,2.332,4.907,380483.23,433843.00,222.7,1112,0,8.708,2.740,22.858,25.657
2026-06-05T18:24:30,78.0,14.890,0.498,59,3742777,9242,0.0,0.0,22.300,34.926,2.332,4.907,380483.23,433843.00,222.7,1112,0,8.632,2.810,22.622,23.758
2026-06-05T18:24:31,77.0,63.711,0.239,59,3742387,9241,20.0,339.8,22.414,34.926,2.539,4.907,382245.21,435512.66,222.7,1112,0,8.449,2.908,22.113,26.747
2026-06-05T18:24:32,76.0,23.284,0.927,59,3742393,9241,18.8,337.4,22.414,34.926,2.646,4.531,382245.21,435512.66,230.5,1112,0,8.947,2.817,23.320,25.195
2026-06-05T18:24:33,73.0,66.695,0.146,59,3742393,9241,0.0,0.0,22.570,34.926,2.642,4.531,384012.71,436600.34,222.7,1112,0,8.570,2.846,23.119,25.560
2026-06-05T18:24:34,78.0,13.676,0.108,59,3742387,9241,0.0,0.0,22.570,34.926,2.642,4.531,384012.71,436600.34,222.7,1112,0,8.383,2.735,22.745,23.184
2026-06-05T18:24:35,78.0,13.201,0.223,59,3742387,9241,19.0,339.8,22.869,34.926,3.054,6.883,385804.14,438951.00,222.7,1112,0,8.670,2.716,22.911,25.030
